timestamp,bnk139_Pf_1,bnk139_Pf_2,bnk139_Pf_3,bnk139_Pf_4,bnk239_Pf_5,bnk239_Pf_6,bnk239_Pf_7,bnk239_Pf_8,bnk276_Pf_9,bnk276_Pf_10,bnk276_Pf_11,bnk276_Pf_12
1,0,0,0,0,0,0,0,0,0,0,0,0
2,0,0,0,0,0,0,0,0,0,0,0,0
3,0,0,0,0,0,0,0,0,0,0,0,0
4,0,0,0,0,0,0,0,0,0,0,0,0
5,0,0,0,0,0,0,0,0,0,0,0,0
6,0,0,0,0,0,0,0,0,0,0,0,0
7,0,0,0,0,0,0,0,0,0,0,0,0
8,0,0,0,0,0,0,0,0,0,0,0,0
9,0,0,0,0,0,0,0,0,0,0,0,0
10,0,0,0,0,0,0,0,0,0,0,0,0
11,0,0,0,0,0,0,0,0,0,0,0,0
12,0,0,0,0,0,0,0,0,0,0,0,0
13,0,0,0,0,0,0,0,0,0,0,0,0
14,0,0,0,0,0,0,0,0,0,0,0,0
15,0,0,0,0,0,0,0,0,0,0,0,0
16,0,0,0,0,0,0,0,0,0,0,0,0
17,0,0,0,0,0,0,0,0,0,0,0,0
18,0,0,0,0,0,0,0,0,0,0,0,0
19,0,0,0,0,0,0,0,0,0,0,0,0
20,0,0,0,0,0,0,0,0,0,0,0,0
21,0,0,0,0,0,0,0,0,0,0,0,0
22,0,0,0,0,0,0,0,0,0,0,0,0
23,0,0,0,0,0,0,0,0,0,0,0,0
24,0,0,0,0,0,0,0,0,0,0,0,0
25,0,0,0,0,0,0,0,0,0,0,0,0
26,0,0,0,0,0,0,0,0,0,0,0,0
27,0,0,0,0,0,0,0,0,0,0,0,0
28,0,0,0,0,0,0,0,0,0,0,0,0
29,0,0,0,0,0,0,0,0,0,0,0,0
30,0,0,0,0,0,0,0,0,0,0,0,0
31,0,0,0,0,0,0,0,0,0,0,0,0
32,0,0,0,0,0,0,0,0,0,0,0,0
33,0,0,0,0,0,0,0,0,0,0,0,0
34,0,0,0,0,0,0,0,0,0,0,0,0
35,0,0,0,0,0,0,0,0,0,0,0,0
36,0,0,0,0,0,0,0,0,0,0,0,0
37,0,0,0,0,0,0,0,0,0,0,0,0
38,0,0,0,0,0,0,0,0,0,0,0,0
39,0,0,0,0,0,0,0,0,0,0,0,0
40,0,0,0,0,0,0,0,0,0,0,0,0
41,0,0,0,0,0,0,0,0,0,0,0,0
42,0,0,0,0,0,0,0,0,0,0,0,0
43,0,0,0,0,0,0,0,0,0,0,0,0
44,0,0,0,0,0,0,0,0,0,0,0,0
45,0,0,0,0,0,0,0,0,0,0,0,0
46,0,0,0,0,0,0,0,0,0,0,0,0
47,0,0,0,0,0,0,0,0,0,0,0,0
48,0,0,0,0,0,0,0,0,0,0,0,0
49,0,0,0,0,0,0,0,0,0,0,0,0
50,0,0,0,0,0,0,0,0,0,0,0,0
51,0,0,0,0,0,0,0,0,0,0,0,0
52,0,0,0,0,0,0,0,0,0,0,0,0
53,0,0,0,0,0,0,0,0,0,0,0,0
54,0,0,0,0,0,0,0,0,0,0,0,0
55,0,0,0,0,0,0,0,0,0,0,0,0
56,0,0,0,0,0,0,0,0,0,0,0,0
57,0,0,0,0,0,0,0,0,0,0,0,0
58,0,0,0,0,0,0,0,0,0,0,0,0
59,0,0,0,0,0,0,0,0,0,0,0,0
60,0,0,0,0,0,0,0,0,0,0,0,0
61,0,0,0,0,0,0,0,0,0,0,0,0
62,0,0,0,0,0,0,0,0,0,0,0,0
63,0,0,0,0,0,0,0,0,0,0,0,0
64,0,0,0,0,0,0,0,0,0,0,0,0
65,0,0,0,0,0,0,0,0,0,0,0,0
66,0,0,0,0,0,0,0,0,0.006328250948057618,0.007211007464444577,0.011446708727910634,0.010017799037229937
67,0.1410132331682339,0.08842471559643407,0.1099425744646236,0.06759197936921223,0.09567929249971416,0.1590409186179493,0.08718374158339116,0.13774374104076278,0.06967092331835066,0.07938963739381691,0.12602262024304542,0.1102910289541728
68,0.27095567709136137,0.1699073069082722,0.21125368191288463,0.12987738898292228,0.18384691209762694,0.3055957148216509,0.16752278634660497,0.2646733769607991,0.12115874932099774,0.13805973449972755,0.2191551701566267,0.19179770402000557
69,0.38583045725839776,0.24194146666230387,0.3008171135771601,0.1849404039683999,0.26179092802788656,0.43515653796797177,0.23854600114363933,0.37688470362802806,0.1670447771193693,0.19034661308334783,0.3021550383982594,0.2644365751510446
70,0.5771403953838533,0.3619055756288203,0.44997408732789423,0.27664114084515723,0.39159718178685016,0.6509242898066664,0.356826504562531,0.5637589847406276,0.24602855300786172,0.28034819522299953,0.44502299421212427,0.3894701113598745
71,0.390483502021008,0.2448592365094814,0.3044449129602874,0.18717075142255094,0.2649480787495136,0.4404044462443042,0.24142282229754758,0.3814298642376526,0.16498720099531464,0.18800201630439498,0.29843323994701654,0.2611793743409362
72,0.8043167907004067,0.5043603488069063,0.6270947532224012,0.38553377368826813,0.545739288085422,0.9071438075618139,0.49728203272913446,0.7856681337190404,0.3379321083905131,0.38507179567956923,0.6112605910077302,0.5349560214774122
73,0.8005635689867059,0.5020068281113811,0.6241685111352595,0.3837347390945582,0.5431926788765329,0.9029107592463294,0.4949615419167434,0.7820019331208045,0.3350742304609298,0.38181525935510163,0.6060911853523011,0.5304319204254008
74,0.8547265593584247,0.5359706406690138,0.6663973039115026,0.40969672610475866,0.5799429645199536,0.9639981589908367,0.528448698049941,0.8349091160293377,0.35677550144721176,0.40654373936552934,0.6453450218458858,0.5647856420741557
75,0.5146461355029461,0.3227175006359855,0.40124972532159187,0.24668572013988957,0.3491940226197611,0.5804405183442353,0.3181884045666104,0.5027136987333214,0.21439264365277982,0.24429924893808513,0.38779911944758816,0.33938957806868
76,0.815006559209412,0.5110635476412513,0.6354291530791066,0.39065770848707054,0.5529924335168663,0.9192001980528904,0.5038911572370701,0.7961100523404897,0.33900515723499836,0.38629452898942196,0.6132015503145691,0.5366546879445637
77,1.8736618194829313,1.1749111043643368,1.4608217929750227,0.8981037325502598,1.2713036446584958,2.113198103857616,1.1584221155299699,1.8302196372798316,0.7784467926580936,0.8870358774652283,1.4080752752809937,1.2323031425323905
78,1.67919863939666,1.0529697020805384,1.309206358189866,0.8048915498270879,1.1393578756702676,1.8938739872238919,1.0381920686101946,1.6402652243644864,0.6970119176894543,0.7942412812829749,1.260773706220122,1.1033894476182888
79,1.8547590497743367,1.1630578052241545,1.446084033123822,0.8890430536943968,1.2584778722726828,2.091878729843322,1.1467351684792748,1.8117551417343147,0.7693180993652718,0.8766337812121764,1.391563051912002,1.2178521645875187
80,2.322726109123565,1.4565044073745175,1.8109398846885636,1.113354057068578,1.5759995413084391,2.6196725356420223,1.4360634694846688,2.2688720519019214,0.9628473570255437,1.0971593155235144,1.7416239235412867,1.5242144164922042
81,2.361053474827658,1.4805382255900155,1.8408222522031634,1.1317255421678283,1.602005151927766,2.662899822279105,1.4597599912368595,2.306310770366172,0.978257457156935,1.1147190406335636,1.7694981227662903,1.5486090379329442
82,3.060475631964732,1.9191226331463291,2.3861347088114764,1.466980092066545,2.0765720819240516,3.451738854429503,1.8921891983084214,2.989516327222829,1.2675376236138918,1.4443522136475317,2.2927557864356896,2.006547668497478
83,2.5323318495355043,1.5879412063676557,1.9743613892218232,1.2138245346491447,1.7182197322501418,2.8560750969742577,1.565655652401772,2.473617934109404,1.0484461712255364,1.1946986977651763,1.8964573366982989,1.6597197441916243
84,3.9634461439523108,2.485345454370563,3.0901459602598784,1.8998016283577965,2.689249188844954,4.470148662394784,2.450465510437415,3.8715508255189843,1.6404975613342818,1.8693380299363125,2.967375647327167,2.596953727879092
85,3.3125837499661874,2.077211261659903,2.5826936764612944,1.5878232663410858,2.2476306827507972,3.7360774641978387,2.048059172473834,3.235779139159328,1.3707730646500422,1.5619884360440859,2.4794907995756024,2.169972271963526
86,3.489122956102732,2.187913135118974,2.720334480664661,1.67244393711744,2.3674148048654504,3.9351861356694218,2.1572074288561494,3.4082251582120424,1.4435321973880677,1.6448970712399542,2.611099455203142,2.285152023189479
87,3.5586050458456198,2.231483046158676,2.7745069838679695,1.7057488395788138,2.414559296475467,4.013551088602739,2.2001658691437416,3.476096256274854,1.4720222730780015,1.6773613572091695,2.662633062314424,2.330252613409408
88,4.0276403350880035,2.525599499800077,3.1401956930442623,1.9305718783930563,2.7328057732339297,4.542549690998791,2.4901546207810656,3.934256628665607,1.6657908318840362,1.898159573871841,3.0131267882246604,2.636993685750784
89,3.6882245831483753,2.3127631534523188,2.8755663334892683,1.7678794701187306,2.5025078197780424,4.159741696535751,2.2803052715988286,3.6027104723942265,1.5252144826007703,1.7379735900468574,2.7588485464977777,2.4144573754706986
90,5.019719492518203,3.147699393362954,3.913681515544654,2.406105928886365,3.4059442422554116,5.661460143546047,3.103523812794936,4.903333725068128,2.0756031460518924,2.365138472265997,3.7544062083826595,3.2857380923827364
91,3.8874592971814574,2.4376966262157875,3.0309019491005174,1.8633787958060495,2.637691135923456,4.3844473587525945,2.403485397551817,3.797325787847369,1.607269124368083,1.8314744071182838,2.9072711662378765,2.5443521786388845
92,3.7170461886870685,2.3308362251458887,2.898037426747214,1.781694552031183,2.5220636498564724,4.192247969301296,2.2981247013987685,3.6308638285048858,1.5366815750565437,1.751040279401115,2.7795905285042823,2.4326101049857205
93,3.3434282857457815,2.096552845727837,2.606741970338288,1.6026080009310646,2.2685590970177953,3.77086528654979,2.067129312036265,3.265908522434145,1.382120010057528,1.5749182184916577,2.5000154564037045,2.187934805325687
94,3.4894764759429373,2.1881348156706886,2.7206101064373867,1.6726133900489761,2.3676546726242096,3.9355848508741773,2.1574259982889648,3.408570481443259,1.442400233462053,1.6436072045158034,2.609051928728932,2.2833600924931003
95,3.218795454411172,2.0183997361427735,2.5095705628619793,1.5428676519225073,2.18399411785655,3.6302989046573613,1.9900730222416791,3.144165391957518,1.3304360928186332,1.516024676490799,2.4065282114434434,2.106117712323869
96,4.219227366425481,2.6457373647178346,3.2895687056759715,2.0224054345680424,2.862800038301386,4.758629960733804,2.6086064416178245,4.121401578386984,1.743859934582604,1.9871188908968174,3.15434025883049,2.7605792686030526
97,4.216639117680598,2.644114359883345,3.2875507480419692,2.021164807345789,2.8610438782364067,4.75571082010601,2.6070062144288046,4.118873340030525,1.7427130763944048,1.9858120522420857,3.1522657912184613,2.7587637598711954
98,4.126605409245913,2.5876572112628944,3.2173549410846376,1.97800888200231,2.79995484899701,4.654166848846592,2.5513413991940586,4.030927127175658,1.7054360479828807,1.9433350815381476,3.084838110178136,2.6997531766315435
99,4.805785975314317,3.013548789265182,3.7468858105088967,2.3035610147932553,3.260787599093964,5.420176525442752,2.9712559109755534,4.694360408652389,1.9860571868812305,2.263101339843382,3.5924330943577547,3.143984323303299
100,5.698776368809504,3.573513409613648,4.443115948824418,2.7315987733631975,3.8666930672476307,6.427330317378302,3.5233618513453653,5.566646184603232,2.3550244693853877,2.6835375472744354,4.259830934238006,3.7280698973075994
101,6.461255975903487,4.051639049956418,5.037591865000852,3.0970786982909195,4.384045288121653,7.287288311497946,3.994777359903907,6.311447159580632,2.670046389175652,3.0425033079114248,4.829650966399212,4.226758446589906
102,8.050774025115482,5.048373032144352,6.276877728901748,3.858983583211538,5.462553729827176,9.080016589736124,4.97752293442246,7.864111102042434,3.326817154787083,3.790890015727849,6.017635405807141,5.266445019930115
103,6.845903071378477,4.292838469742733,5.337486357075989,3.281451880563502,4.645033289958404,7.721110202065372,4.232591728238298,6.687175938510042,2.828867216684001,3.223478775236009,5.11693030587797,4.478176278462321
104,6.173613792891485,3.8712681893292515,4.813328358559331,2.9592029538445312,4.1888763671252285,6.962872822315286,3.8169378679018897,6.030474165209702,2.551014755633929,2.906867410248762,4.614343379872843,4.038328026607877
105,9.26750032271559,5.811341686977153,7.225512254693898,4.442197916771623,6.288118172997463,10.452293954982219,5.729783901172497,9.0526267348566,3.829379349413269,4.363556897389585,6.926683278080792,6.062015093051139
106,6.567024790982392,4.1179631614046395,5.120055727197206,3.1477769441654058,4.455810789613342,7.406579027222564,4.060170662604934,6.4147636494382585,2.7134863322954788,3.0920028863357385,4.908226291576905,4.295525096954284
107,7.576842186901574,4.751186115252919,5.907371369510462,3.6318134778871,5.140984881609244,8.54549544432058,4.684506811164811,7.401167710651454,3.130697784932943,3.567413062688488,5.662889470311209,4.955982547655691
108,7.068116976615063,4.4321814301915285,5.510737961018729,3.387965839295192,4.795808282907254,7.9717328055223495,4.3699791156139876,6.9042376562712935,2.920460309446008,3.3278486052284686,5.282606329623046,4.623170717529215
109,9.326810374016484,5.848533050514182,7.2717540121881745,4.47062704837755,6.328360805685853,10.519186436136229,5.7664533120479,9.110561640425063,3.8536818205441565,4.391249430787469,6.9706422346213985,6.100486587607156
110,8.347514635367837,5.234449214343313,6.508234927842255,4.00122048364666,5.6638960507355,9.414693684824648,5.160987678122607,8.15397157014555,3.4490179563380425,3.9301371630641206,6.238675467769347,5.459892321905661
111,5.728420953115132,3.5921025439615737,4.466228686858059,2.7458083343084767,3.886807299005062,6.460764781747965,3.5416901012505737,5.59560343813265,2.3668422389697032,2.697003831305371,4.2812072303671505,3.7467777585690585
112,6.310084579234166,3.956844487371978,4.919729362583015,3.0246175987521458,4.281473551026184,7.116790569868523,3.901313167317851,6.163780779286046,2.607149574888931,2.9708327308382225,4.715881534851216,4.127191022545235
113,6.821256276930115,4.277383283442167,5.318270202867819,3.26963791399851,4.6283101229036365,7.693312464633319,4.217353443789622,6.663100597524632,2.818330353647545,3.2114720772350327,5.097870947601221,4.461496128252028
114,6.291746365008203,3.945345202226571,4.905431764848477,3.0158275287014105,4.269030836796981,7.09610792632662,3.8899752659432343,6.145867749602673,2.599535297076659,2.962156302771238,4.70210862650642,4.115137406852199
115,7.5005384453154225,4.703338572883265,5.847880287696486,3.5952387479046184,5.089211811479479,8.459436732785543,4.637330772868062,7.3266331255962704,3.0989481827098535,3.5312345640001386,5.605459944861325,4.905722035360343
116,6.765702298633237,4.242547228550132,5.274956910501677,3.2430091836974295,4.5906160340612905,7.63065624760526,4.183006286583559,6.60883467773553,2.7953253382447216,3.185257987567755,5.056258863510586,4.425078542564374
117,6.044735069003731,3.7904526215264047,4.7128465925606005,2.897427417957352,4.101430495253508,6.817517736293226,3.737256485477149,5.904583586219291,2.4974367847205845,2.8458156044090286,4.51743012021999,3.953512593427689
118,7.90552327254947,4.9572911088578,6.163631324140716,3.789360430474578,5.363999225910605,8.91619641060097,4.887719277049394,7.7222280915056905,3.266222331466863,3.7218425448144328,5.908029876781991,5.170521712257759
119,10.699061707485798,6.709026290493208,8.34164540482178,5.128389314636448,7.259450986147798,12.06687176854253,6.614870180143678,10.450996350511682,4.420373743382328,5.036991788220495,7.9956896659624705,6.997575822154137
120,11.017552843769433,6.908741505250867,8.589960649288312,5.2810519111126055,7.475551318736391,12.426080062318713,6.81178254289495,10.762103043226775,4.551943035847278,5.186914279892171,8.233675703612546,7.205853708445759
121,9.440506579355125,5.919828165132742,7.360398554554461,4.525125136201964,6.405505143435523,10.64741801082014,5.836747853649043,9.221621718359724,3.900365402984142,4.4444451185382965,7.055084740924019,6.174388010142443
122,14.186436742306592,8.89584336222318,11.060617098736712,6.799995419327997,9.625679803940663,16.000086521809706,8.770996928031602,13.857514114240173,5.861137097430316,6.678733777565453,10.601780763645143,9.278344688548131
123,8.522697109222037,5.344300326043989,6.644817940258079,4.085190830915231,5.782759612545494,9.612272174031382,5.269297112544428,8.325092313719063,3.5211475582610734,4.012328451327434,6.369145411305087,5.574075508165382
124,7.546441006686657,4.732122544736153,5.883668742852698,3.6172412572541983,5.12035728979558,8.511207657849635,4.665710783443602,7.3714714034271465,3.1177976989632286,3.552713485035338,5.639555451500583,4.93556134914945
125,11.262018057998489,7.062037522622769,8.780560739900537,5.398231606559676,7.641424111046045,12.701798669484731,6.962927166591697,11.00090015755198,4.652868211326825,5.301917967278616,8.416231846930824,7.365621096630895
126,8.880089483584696,5.568409215325677,6.923462978377146,4.256499987168777,6.025254935541289,10.015354992917432,5.4902608030452695,8.674198291634072,3.6687712104427908,4.180544798395289,6.636171002063807,5.807767896921282
127,10.223898192173277,6.411067029796131,7.971178754342288,4.900628828599728,6.9370464291759015,11.530961483591621,6.321092552341617,9.986849839331832,4.223948213694398,4.813165967719191,7.640389940411379,6.686628690261539
128,10.199145779506154,6.395545613818067,7.951880253686057,4.888764235974308,6.920251598801183,11.503044625292988,6.305788967698881,9.962671328961202,4.21371089081965,4.801500594099898,7.62187239835076,6.670422720542538
129,8.424611517570147,5.28279410885387,6.568344390777591,4.038175390318659,5.71620727697517,9.501646935186667,5.2086540885990775,8.229280906287467,3.4805656585626323,3.9660855978045952,6.295739791128802,5.5098332208311875
130,7.812554743039903,4.898993631404075,6.091147350482174,3.7447977551326153,5.300918882822508,8.811342419216194,4.830239960604818,7.631415103490387,3.2276908751958078,3.677936160401568,5.83833315324539,5.109525334474459
131,12.96499898865141,8.129920309761482,10.10830923253151,6.214522739984906,8.79691857723549,14.62249536946582,8.015823026389155,12.664396263831287,5.356365587246776,6.103549392867547,9.688736622595073,8.47927720683111
132,13.675020877777923,8.575151457240754,10.66188589099784,6.55485806740962,9.27867756172659,15.423289244965517,8.454805691415391,13.357955790350584,5.6496898768704025,6.437790822188251,10.219309403874163,8.943617797984444
133,7.758994660013522,4.865407882020689,6.0493886212894745,3.719124760154808,5.264577677567846,8.750935004859508,4.797125561815123,7.579096849091482,3.205539797491557,3.652695128087596,5.798265694389686,5.07445955615425
134,7.047166016642907,4.419043778955635,5.494403306283907,3.377923399856095,4.781592787082587,7.948103392558503,4.357025841377965,6.883772459210553,2.9114476259064226,3.3175787014569416,5.266303947783063,4.608903386282903
135,4.064950472852486,2.5489954481558756,3.169284967201697,1.94845577485709,2.7581211816120472,4.584629703282079,2.5132222246946547,3.9707017043436803,1.6793793637502743,1.9136436318718428,3.0377060862944543,2.6585047134524835
136,4.086498195840141,2.5625073096608237,3.1860848950232725,1.958784261162326,2.772741588818646,4.608932171788658,2.5265444574415983,3.99174982804487,1.6882762030284257,1.9237815317388514,3.053798925951404,2.6725886599784046
137,9.994991384906868,6.267527172749723,7.792708953048376,4.790906756092075,6.781730216111776,11.272790331228078,6.179567168638198,9.76325039923563,4.12927366357824,4.705284833866544,7.469140094597621,6.536756217632283
138,13.863765052192974,8.693506660991195,10.809042437827982,6.645328954832652,9.406742911805685,15.636163215786,8.571499869386194,13.542323796809685,5.727581903340778,6.52654836181632,10.360202574285927,9.066923064192686
139,7.863408509806898,4.930882339735541,6.130796069357492,3.769173529497427,5.335423817684944,8.868697531215908,4.861681135030385,7.681089789497644,3.248625588154998,3.7017911517180964,5.876200419179247,5.1426655732305795
140,4.132218435267206,2.591176953477272,3.221731200797665,1.980699377996948,2.8037633593504956,4.6604974661553085,2.5548117444882292,4.036410011195553,1.7071472332160667,1.9452849677848898,3.087933347567512,2.70246203092987
141,4.247276432924526,2.663326002834972,3.3114374800664956,2.035850214760177,2.881831690704564,4.790264930035317,2.625948236500228,4.148800307325213,1.7546764787645228,1.9994442840387012,3.173905511806275,2.777702161924001
142,4.1535011087325,2.6045226112288056,3.2383244797381794,1.9909008179148,2.8182039270469494,4.684501000167807,2.567970106025747,4.057199230736113,1.715929883150804,1.9552927495174448,3.103819638501186,2.716365212517121
143,5.0647887542547405,3.175960830688059,3.948820279142984,2.427709012093791,3.4365243160509795,5.712291236677995,3.1313886222196268,4.947358023909141,2.0924022188778806,2.3842809241912213,3.7847928183822304,3.312331496620948
144,9.827249172417515,6.1623416018665145,7.661926825207445,4.710502754912983,6.667914967338846,11.083603295615001,6.075857797696745,9.59939740927424,4.0598912255692206,4.626223923910378,7.343639294259522,6.426921869027515
145,9.03095446694256,5.663011636298214,7.041086582164302,4.3288142133839544,6.127618767263668,10.185507148154459,5.583535550581642,8.821565363027807,3.7309084173581075,4.251349807008864,6.748566435583057,5.906132841156542
146,7.740764473547429,4.853976337495992,6.035175248629185,3.710386471131657,5.252208261563233,8.730374199770496,4.785854450372833,7.561289342467517,3.197889111482834,3.643977213079191,5.7844269299302224,5.062348305263377
147,5.42574162720113,3.4023023903906298,4.230241300564312,2.600724824817857,3.68143548313306,6.119389742267848,3.3545536493004313,5.299941947715287,2.2414904735077315,2.5541661777662,4.054467621026442,3.548342392198917
148,5.1404844883002,3.223427111720334,4.00783732094798,2.4639923053633948,3.4878848452438356,5.797664210600855,3.1781887498935393,5.021298698510998,2.123637141596598,2.419872948389496,3.8412913778474964,3.3617772568014224
149,4.646381578254175,2.9135915855462384,3.6226043554991763,2.2271535849700097,3.152629665335633,5.240393244323741,2.8727015310191173,4.53865191593798,1.9195063136052692,2.1872669824676585,3.4720541036649406,3.0386324212211964
150,4.758922408629428,2.9841622028942276,3.710348096606653,2.281097866042147,3.228990066311533,5.367321736372095,2.942281743120988,4.648583407099713,1.9659913058827965,2.240236377810741,3.556137394796648,3.1122194699501016
151,11.599635730042023,7.27374635278031,9.043788205970586,5.560062139841773,7.870502044164471,13.082578710457177,7.171664823420775,11.330689923688807,4.791985584883228,5.460441456214694,8.667871054535395,7.58584780734676
152,13.186569546410986,8.268859848372443,10.28105924328113,6.3207283224854,8.947257050646076,14.872392377378077,8.15281265364742,12.88082955058446,5.447548260339701,6.207451551884,9.85367026832026,8.623621940031478
153,5.226761320550495,3.277528448048052,4.075104036568446,2.5053474444129735,3.5464247856689752,5.894971011872219,3.2315308148795205,5.105575141028446,2.159236083135346,2.460437748247983,3.905683690693598,3.4181313813771452
154,5.091523817667168,3.1927255011064455,3.9696645760504277,2.4405239501957454,3.4546644004584066,5.742444215578555,3.147918013166815,4.9734732158570925,2.103357776173521,2.396764722018528,3.8046095219776563,3.3296744516063637
155,5.258753601079953,3.2975897447330493,4.100047182721308,2.5206823283592295,3.568131959511724,5.931053311169744,3.2513105664367092,5.136825657774598,2.1724323994307286,2.475474878742687,3.929553538800837,3.43902152081124
156,6.937718233875582,4.350412709045231,5.409071094997547,3.32546171162582,4.707331058693262,7.8246633754698465,4.289357956632158,6.77686230114757,2.8660101967358655,3.2658029985647183,5.184115516677927,4.536974659382665
157,10.767318384936965,6.75182778617962,8.39486250136498,5.161106839300151,7.30576401975591,12.143854647664888,6.657070989206354,10.517670448338514,4.448017493996584,5.068491691378699,8.045692417753706,7.041336656002534
158,16.100253323473247,10.095934184135654,12.552746009329946,7.71734656407016,10.924228970895703,18.15857292976177,9.954245382815843,15.726957496488094,6.651037743200018,7.578821258224423,12.030574073254579,10.528779602341787
159,16.312445144043068,10.22899262811439,12.718183780733636,7.819056629402538,11.068203850488214,18.39789218589412,10.085436452157525,15.934229498745264,6.73865737779483,7.6786633542919045,12.189062800121619,10.667483945499319
160,16.31577312190945,10.231079492515233,12.72077847660842,7.82065183154231,11.070461926276963,18.40164562551903,10.087494028994673,15.937480315077304,6.739992896637365,7.680185170733995,12.191478522146015,10.669598109347238
161,14.849787024856834,9.31180829514079,11.577805707187387,7.117959610385194,10.075771503052136,16.74824210928143,9.18112410768525,14.505484148583738,6.134364062613119,6.990074415222289,11.096000969627728,9.710870650495595
162,14.645357540980548,9.183617354722308,11.418419930059512,7.019970271752418,9.937063468749928,16.51767755744615,9.054732230172359,14.305794507721753,6.049878842749114,6.893803967657061,10.943181855541615,9.57712817391546
163,8.16838051408933,5.122120155773529,6.368570968472422,3.915355990238914,5.542351245319703,9.212658354069813,5.050235072942066,7.97899080090446,3.3742702741065966,3.8449625865586916,6.103469870897054,5.341564640965134
164,7.8391861961844995,4.915693331264308,6.111910866463385,3.757563029646774,5.318988666330515,8.841378541905435,4.846705292806501,7.657429087448274,3.2382624915106937,3.689982459573898,5.857455374177049,5.126260500100869
165,5.993152014460058,3.758106601049177,4.672629276157999,2.872702073532709,4.066430729254066,6.759340101503743,3.705364416935948,5.85419652149127,2.4756746127511486,2.8210177280602253,4.478066124407324,3.919062463811643
166,11.239625790850944,7.047996075521708,8.76310235359885,5.3874983042655495,7.626230669763936,12.676543686976563,6.94908278058199,10.979027071048053,4.64287581631911,5.290531687628877,8.398157336914334,7.349802854606433
167,13.66849182454374,8.571057304781617,10.65679544022769,6.551728491400405,9.274247515126678,15.415925491928018,8.450768997289853,13.35157811786039,5.646153317060616,6.433760931560312,10.212912380372133,8.93801932444912
168,8.65004216019176,5.424154178491845,6.74410396068594,4.146231230206323,5.869164867615328,9.755897516367247,5.348030276561896,8.449484779089097,3.5731169488585026,4.071547288664428,6.463149028073538,5.656344513513874
169,9.472528175968115,5.939907844960163,7.385364557325985,4.540474072248643,6.427232208618031,10.683533374084435,5.856545730355153,9.252900871475159,3.91283521026853,4.458654395974663,7.077640460197665,6.1941280654015225
170,4.551110330621546,2.853850150028749,3.548325041410323,2.18148714601402,3.0879868983821233,5.132942146288886,2.813798521370221,4.445589599957443,1.8799223294731826,2.142161248293741,3.4004535397224966,2.975969862264072
171,4.060243835879635,2.5460440724134052,3.165615384041028,1.9461997390083996,2.7549276678864376,4.579321351356907,2.5103122692787805,3.9661041940973343,1.6771468793406346,1.9110997280547681,3.033667909081429,2.654970627912405
172,7.178734993182635,4.501546314855649,5.596982558425413,3.4409884565752185,4.870864029982282,8.096492663695471,4.438370516578383,7.012290915431363,2.9652639050147185,3.378902058185971,5.3636482656410145,4.69409606803075
173,5.409304540912836,3.3919952394401762,4.217425938894841,2.5928460238548094,3.6702827086629894,6.10085127432439,3.344391151418882,5.283885966965888,2.2343594317574427,2.5460403945580645,4.041568802930869,3.5370537527680774
174,6.741545845801244,4.227399519193384,5.256123056723472,3.231430252949097,4.5742255701002925,7.603411538987255,4.168071163872322,6.585238309447288,2.784629603078298,3.1730702556405825,5.036912133097106,4.408146893308974
175,8.360629767642529,5.242673278250957,6.51846029020242,4.0075069698878325,5.672794836678416,9.429485507108975,5.169096323512679,8.166782618748382,3.453370390731929,3.9350967383338813,6.24654826693188,5.46678234782887
176,12.536453266830314,7.861193519227648,9.774188676082733,6.009107596049175,8.50614479277298,14.139162679781965,7.750867613138374,12.245786679436979,5.178154085292352,5.900478357696657,9.366382915136317,8.197163392547196
177,13.745679867718133,8.619459363310396,10.716975977853936,6.588727094329882,9.326620595258474,15.502981557638758,8.498491769530778,13.426976501342402,5.6775702807615875,6.469560390465687,10.269740220410737,8.98775326061878
178,8.71247939426634,5.463306494495308,6.792783861872377,4.1761593166888495,5.911529334039325,9.826316971620344,5.386633119418819,8.510474361473966,3.5986026863740403,4.100588147658463,6.509248308340842,5.6966891519995855
179,7.359807590286052,4.6150909272401845,5.738157872566283,3.5277821210616014,4.993724116179097,8.300714292636552,4.550321616195138,7.189165215556338,3.039865954460361,3.463910686925719,5.498590438054636,4.812193208179929
180,5.94170710694016,3.725847207982821,4.632519667657042,2.8480429472251276,4.031524697787185,6.701318274996025,3.673557760055418,5.803944400750001,2.454115995698233,2.7964518014293613,4.439070324144846,3.8849345673471394
181,8.287056437726891,5.196537886365351,6.461098004967744,3.9722410101899293,5.622874385987253,9.34650627379401,5.123608406962735,8.094915138826723,3.422787505713285,3.9002477075410393,6.191229130611115,5.418368781646017
182,8.4558146733853,5.302360571636652,6.592672286852747,4.053132022520659,5.737379019549076,9.536839224967727,5.227945950873655,8.259760594737198,3.492452934703808,3.979631084178242,6.317241812567766,5.528651112924881
183,11.489483156499325,7.204673331980142,8.957906496523217,5.5072626237177715,7.795762106168621,12.958343799372901,7.103561190231719,11.223091315925963,4.745383093426245,5.40733817119703,8.583575227760896,7.512074754115746
184,11.515864820548602,7.221216397393976,8.978475261589246,5.519908166636548,7.813662404562522,12.988098198948022,7.119872086233004,11.248861302326409,4.756231081050553,5.41969939397014,8.603197356472075,7.529247423289371
185,11.272601565744438,7.068674088861426,8.788812292342199,5.40330460730681,7.648605157182968,12.713735214419545,6.9694705936420345,11.011238279141757,4.655711360486025,5.305157720249508,8.42137461079441,7.370121881625599
186,10.178834954289522,6.382809369829059,7.936044687309437,4.879028632810196,6.906470442641929,11.480137184425448,6.293231467262594,9.942831424676287,4.203931980236578,4.790357578788486,7.604184044643,6.654942430359936
187,9.567877332096712,5.9996981343082005,7.459704613661696,4.586177855142742,6.4919278374881575,10.791072340743307,5.9154969082080315,9.346039289587761,3.9515619468660033,4.502783301255147,7.147690411985663,6.255433577427764
188,4.453664070544805,2.7927448364377763,3.472349954079303,2.13477815670338,3.021868357508996,5.023037973678372,2.7535507746451837,4.350402700743611,1.8393586338729666,2.0959391382416106,3.3270808476035434,2.9117563925287953
189,8.145965356301218,5.1080643547119475,6.351094735221917,3.904611715756786,5.527142272443537,9.187377554491702,5.0363765344188165,7.957095354495752,3.364241470902431,3.8335348199675328,6.0853295047658955,5.3256887637428365
190,7.650162515000409,4.797162858101173,5.964536398995033,3.666958166033409,5.190733667313449,8.628189331073012,4.729838305196665,7.472788054783417,3.159448675702906,3.600174546019876,5.714894846680292,5.001496015474669
191,5.208341181926712,3.2659777908334084,4.060742565543396,2.4965181054788648,3.533926484682091,5.87419597039578,3.2201422624038094,5.087582086422695,2.150978042213104,2.4510277556258897,3.890746326503089,3.405058670595087
192,6.221597796193632,3.901357364294189,4.8507396336406075,2.982203162324124,4.22143413056418,7.016991289020006,3.846604764050848,6.077345625259586,2.5694190989397923,2.9278390591365975,4.647633645837304,4.067462619114344
193,5.703905478657394,3.5767297040661084,4.447114917777324,2.734057313453597,3.870173234253049,6.4331151527697985,3.526533007537477,5.571656372390462,2.3556020357745386,2.6841956810269627,4.260875651693414,3.728984201127828
194,5.900654550237964,3.700104512993568,4.600512573919891,2.828365194270142,4.0036700100226374,6.6550173982425385,3.6481763443226707,5.763843676779632,2.436838651564323,2.7767643619554825,4.407818604275323,3.8575840461918913
195,6.242575261118023,3.9145116359054253,4.867094953263536,2.992258306401959,4.235667610339862,7.040650595433261,3.8595744254078137,6.097836712736388,2.5780296374003986,2.9376507207824396,4.663208616956186,4.08109334340273
196,6.875393445052912,4.311330903725035,5.360478863033377,3.295587523610666,4.665042887819023,7.754370740911207,4.250824634894385,6.715982556891454,2.8393544321798423,3.2354289001350476,5.135899860361989,4.4947778352210195
197,7.229501614879398,4.533380377407582,5.636563333653472,3.465322459627814,4.905309835793655,8.153749489656978,4.469757812136608,7.0618804768888355,2.985584643388308,3.4020574288085523,5.400404958004794,4.726264367768806
198,6.2804259392720505,3.9382465391886448,4.896605665896591,3.010401300498445,4.261349782325033,7.083340252912055,3.8829762272727484,6.134809795990536,2.5936404790876755,2.955439189801319,4.691445922849788,4.105805744366088
199,3.3848410688442785,2.122521426727414,2.6390299186910635,1.6224584214761766,2.296658203025677,3.817572442456592,2.092733443640005,3.3063611206955525,1.3978476889570512,1.592839822877094,2.5284641005561945,2.2128321628784664
200,1.7147081672468791,1.0752365477557468,1.3368917663048527,0.8219123585833766,1.1634515470610545,1.933923192550961,1.0601464159454426,1.6749514385501072,0.7081318083445287,0.8069123360776905,1.2808876603694788,1.120992546928486
201,2.091416788573018,1.311458014032945,1.6305969365295763,1.002480386057104,1.4190531920784897,2.3587917232620685,1.2930526925836852,2.042925802501218,0.8637109824343432,0.9841939569998385,1.5623034108750151,1.3672787503680564
202,2.0032855734826334,1.2561938558086023,1.5618844301921564,0.9602363842827031,1.3592550290441874,2.2593934675666714,1.2385641250270252,1.9568379723290326,0.8273261203276651,0.942733604937698,1.4964895039900212,1.3096804914535765
203,1.8223885917672915,1.142759366001898,1.420846036590208,0.8735268976526879,1.2365141001470497,2.0553699053744707,1.126721602501,1.780135215824426,0.7526332158826976,0.8576214474214058,1.3613829906357062,1.191439525287977
204,1.689717611599816,1.0595658002234778,1.317407594760033,0.8099336167038385,1.1464951336113107,1.9057377461387077,1.0446955955039345,1.6505403067139413,0.6978598976831532,0.7952075498640492,1.2623075549999252,1.1047318237715407
205,1.5584743247004458,0.9772674934810696,1.2150822702587403,0.7470246730455758,1.0574448753218104,1.7577158020846153,0.9635522832593417,1.5223399887874824,0.6436792056267457,0.7334689465668071,1.1643040773033468,1.018962266088983
206,1.1342289510616361,0.7112373084816281,0.8843145292843132,0.5436708182462385,0.7695889324145865,1.2792332339809933,0.7012556307235616,1.1079310459435994,0.4684799854532168,0.5338303900674064,0.8473990652954048,0.7416169784915426
207,0.9540642288903466,0.5982619943173144,0.7438470501819525,0.45731232613554956,0.6473448510368411,1.0760355462683457,0.5898658396570335,0.9319435710245891,0.39408910354698873,0.4490623855878943,0.7128388583468548,0.6238541224898163
208,1.1893512199092124,0.7458026527146905,0.9272912344578165,0.5700926169315045,0.80699010084268,1.3414025501285434,0.7353358764900271,1.1617752657740987,0.49131636470975243,0.5598523197651075,0.8887061158367392,0.7777676084219436
209,0.7195747156616418,0.45122140775862407,0.5610246285545915,0.34491429096999837,0.48824070016925464,0.8115679728904872,0.4448888565326445,0.7028908639753522,0.2972836809876478,0.33875313420013414,0.537734633749187,0.470608418918079
210,1.14662158243378,0.7190083160668945,0.8939765855809663,0.5496109875850753,0.777997492201893,1.2932101880103215,0.7089175780941194,1.1200363453412927,0.47377439918436665,0.5398633456579077,0.8569757417519734,0.7499981841696911
211,0.8915179630804306,0.5590413081334686,0.6950821411603507,0.42733197738912104,0.6049064051779887,1.005493120234728,0.5511955861435058,0.870847484882735,0.36842910316389416,0.41982295500606187,0.6664243667670742,0.5832336209890049
212,1.3204457176448934,0.8280076587137042,1.0295005537917863,0.6329302413677584,0.8959394037708033,1.4892566832280045,0.816387197396601,1.2898302443194765,0.5458052025015747,0.6219420534483684,0.9872669757401856,0.8640249694607376
213,0.8447644722653583,0.529723746684955,0.6586302491646205,0.4049215913876822,0.57318356028909,0.9527624795653246,0.5222894744987943,0.8251780070125282,0.34928021224061306,0.39800289816618606,0.6317873432576622,0.5529203886867768
214,0.4345256807947844,0.27247662421714636,0.33878289962032915,0.20828152217908477,0.2948312635439044,0.4900771500944507,0.2686526208541231,0.4244508937650618,0.1797265794021818,0.20479745766498383,0.3250942198668552,0.2845122244484376
215,0.39174167202415094,0.2456481931357517,0.3054258595434685,0.18777383099873465,0.26580176327996796,0.44182346564114805,0.2422007065142091,0.3826588626742137,0.16210906686916063,0.18472239815433739,0.29322719434415434,0.25662320716067394
216,0.33858060499007686,0.21231265343017808,0.26397822771703106,0.1622920966573516,0.2297312955084659,0.3818660790480568,0.2093330058987173,0.3307303727979763,0.1402016427450664,0.15975900776696897,0.2536004625685632,0.22194313930307719
217,0.28703526378071376,0.17999028173247106,0.22379031494537036,0.137584829393678,0.19475711849144525,0.3237309790136334,0.17746425424430035,0.2803801469937806,0.11896404668976528,0.13555888281322623,0.2151853336298676,0.18832342809659028
218,0.8583417545254045,0.5382376095008284,0.6692159320283095,0.41142960032976594,0.5823959209415142,0.9680755349038739,0.5306838516885749,0.83844049032453,0.3561971075990507,0.4058846627279699,0.6442988076605987,0.5638700283630675
219,0.495919061500463,0.31097437443840825,0.386648948630186,0.2377092576392999,0.33648746203044605,0.5593193016650322,0.30661008426458836,0.48442082526398,0.20617912002528876,0.23493998353072817,0.3729422793245587,0.3263873394148857
220,0.5750895546250685,0.36061956149557384,0.4483751259554621,0.2756581097980502,0.3902056599528957,0.648611261512172,0.3555585386651087,0.5617556941837982,0.2397749487920363,0.2732222473030865,0.43371130848004075,0.3795704801969002
221,0.301256712761744,0.18890808010687268,0.23487822973508654,0.1444016072557903,0.20440655454970783,0.3397705538762489,0.18625689806251775,0.294271861563082,0.126194499365545,0.14379794422913994,0.2282639688530798,0.19976943781534126
222,0.1982964989624495,0.1243451492499581,0.1546041255379459,0.0950496103501601,0.13454672515211505,0.22364750204745765,0.12260005911507546,0.19369885356636585,0.08378737403312543,0.09547525604440932,0.1515568319755194,0.1326377670245049
223,0.08577216992791518,0.05378487934473836,0.06687324988883715,0.04111323887810989,0.05819752054814167,0.09673762093601479,0.05303004923744016,0.08378348115002675,0.036962891872874895,0.042119013830285885,0.06685946250913465,0.05851329627358972
224,0.03239391488977474,0.02031314825443413,0.025256284959587986,0.015527399646992256,0.02197968792228085,0.036535280171577734,0.020028068580308978,0.03164283892810432,0.015068114632293239,0.017170034497750734,0.02725560675301124,0.023853248787896075
225,0,0,0,0,0,0,0,0,0,0,0,0
226,0,0,0,0,0,0,0,0,0,0,0,0
227,0,0,0,0,0,0,0,0,0,0,0,0
228,0,0,0,0,0,0,0,0,0,0,0,0
229,0,0,0,0,0,0,0,0,0,0,0,0
230,0,0,0,0,0,0,0,0,0,0,0,0
231,0,0,0,0,0,0,0,0,0,0,0,0
232,0,0,0,0,0,0,0,0,0,0,0,0
233,0,0,0,0,0,0,0,0,0,0,0,0
234,0,0,0,0,0,0,0,0,0,0,0,0
235,0,0,0,0,0,0,0,0,0,0,0,0
236,0,0,0,0,0,0,0,0,0,0,0,0
237,0,0,0,0,0,0,0,0,0,0,0,0
238,0,0,0,0,0,0,0,0,0,0,0,0
239,0,0,0,0,0,0,0,0,0,0,0,0
240,0,0,0,0,0,0,0,0,0,0,0,0
241,0,0,0,0,0,0,0,0,0,0,0,0
242,0,0,0,0,0,0,0,0,0,0,0,0
243,0,0,0,0,0,0,0,0,0,0,0,0
244,0,0,0,0,0,0,0,0,0,0,0,0
245,0,0,0,0,0,0,0,0,0,0,0,0
246,0,0,0,0,0,0,0,0,0,0,0,0
247,0,0,0,0,0,0,0,0,0,0,0,0
248,0,0,0,0,0,0,0,0,0,0,0,0
249,0,0,0,0,0,0,0,0,0,0,0,0
250,0,0,0,0,0,0,0,0,0,0,0,0
251,0,0,0,0,0,0,0,0,0,0,0,0
252,0,0,0,0,0,0,0,0,0,0,0,0
253,0,0,0,0,0,0,0,0,0,0,0,0
254,0,0,0,0,0,0,0,0,0,0,0,0
255,0,0,0,0,0,0,0,0,0,0,0,0
256,0,0,0,0,0,0,0,0,0,0,0,0
257,0,0,0,0,0,0,0,0,0,0,0,0
258,0,0,0,0,0,0,0,0,0,0,0,0
259,0,0,0,0,0,0,0,0,0,0,0,0
260,0,0,0,0,0,0,0,0,0,0,0,0
261,0,0,0,0,0,0,0,0,0,0,0,0
262,0,0,0,0,0,0,0,0,0,0,0,0
263,0,0,0,0,0,0,0,0,0,0,0,0
264,0,0,0,0,0,0,0,0,0,0,0,0
265,0,0,0,0,0,0,0,0,0,0,0,0
266,0,0,0,0,0,0,0,0,0,0,0,0
267,0,0,0,0,0,0,0,0,0,0,0,0
268,0,0,0,0,0,0,0,0,0,0,0,0
269,0,0,0,0,0,0,0,0,0,0,0,0
270,0,0,0,0,0,0,0,0,0,0,0,0
271,0,0,0,0,0,0,0,0,0,0,0,0
272,0,0,0,0,0,0,0,0,0,0,0,0
273,0,0,0,0,0,0,0,0,0,0,0,0
274,0,0,0,0,0,0,0,0,0,0,0,0
275,0,0,0,0,0,0,0,0,0,0,0,0
276,0,0,0,0,0,0,0,0,0,0,0,0
277,0,0,0,0,0,0,0,0,0,0,0,0
278,0,0,0,0,0,0,0,0,0,0,0,0
279,0,0,0,0,0,0,0,0,0,0,0,0
280,0,0,0,0,0,0,0,0,0,0,0,0
281,0,0,0,0,0,0,0,0,0,0,0,0
282,0,0,0,0,0,0,0,0,0,0,0,0
283,0,0,0,0,0,0,0,0,0,0,0,0
284,0,0,0,0,0,0,0,0,0,0,0,0
285,0,0,0,0,0,0,0,0,0,0,0,0
286,0,0,0,0,0,0,0,0,0,0,0,0
287,0,0,0,0,0,0,0,0,0,0,0,0
288,0,0,0,0,0,0,0,0,0,0,0,0
289,0,0,0,0,0,0,0,0,0,0,0,0
290,0,0,0,0,0,0,0,0,0,0,0,0
291,0,0,0,0,0,0,0,0,0,0,0,0
292,0,0,0,0,0,0,0,0,0,0,0,0
293,0,0,0,0,0,0,0,0,0,0,0,0
294,0,0,0,0,0,0,0,0,0,0,0,0
295,0,0,0,0,0,0,0,0,0,0,0,0
296,0,0,0,0,0,0,0,0,0,0,0,0
297,0,0,0,0,0,0,0,0,0,0,0,0
298,0,0,0,0,0,0,0,0,0,0,0,0
299,0,0,0,0,0,0,0,0,0,0,0,0
300,0,0,0,0,0,0,0,0,0,0,0,0
301,0,0,0,0,0,0,0,0,0,0,0,0
302,0,0,0,0,0,0,0,0,0,0,0,0
303,0,0,0,0,0,0,0,0,0,0,0,0
304,0,0,0,0,0,0,0,0,0,0,0,0
305,0,0,0,0,0,0,0,0,0,0,0,0
306,0,0,0,0,0,0,0,0,0,0,0,0
307,0,0,0,0,0,0,0,0,0,0,0,0
308,0,0,0,0,0,0,0,0,0,0,0,0
309,0,0,0,0,0,0,0,0,0,0,0,0
310,0,0,0,0,0,0,0,0,0,0,0,0
311,0,0,0,0,0,0,0,0,0,0,0,0
312,0,0,0,0,0,0,0,0,0,0,0,0
313,0,0,0,0,0,0,0,0,0,0,0,0
314,0,0,0,0,0,0,0,0,0,0,0,0
315,0,0,0,0,0,0,0,0,0,0,0,0
316,0,0,0,0,0,0,0,0,0,0,0,0
317,0,0,0,0,0,0,0,0,0,0,0,0
318,0,0,0,0,0,0,0,0,0,0,0,0
319,0,0,0,0,0,0,0,0,0,0,0,0
320,0,0,0,0,0,0,0,0,0,0,0,0
321,0,0,0,0,0,0,0,0,0,0,0,0
322,0,0,0,0,0,0,0,0,0,0,0,0
323,0,0,0,0,0,0,0,0,0,0,0,0
324,0,0,0,0,0,0,0,0,0,0,0,0
325,0,0,0,0,0,0,0,0,0,0,0,0
326,0,0,0,0,0,0,0,0,0,0,0,0
327,0,0,0,0,0,0,0,0,0,0,0,0
328,0,0,0,0,0,0,0,0,0,0,0,0
329,0,0,0,0,0,0,0,0,0,0,0,0
330,0,0,0,0,0,0,0,0,0,0,0,0
331,0,0,0,0,0,0,0,0,0,0,0,0
332,0,0,0,0,0,0,0,0,0,0,0,0
333,0,0,0,0,0,0,0,0,0,0,0,0
334,0,0,0,0,0,0,0,0,0,0,0,0
335,0,0,0,0,0,0,0,0,0,0,0,0
336,0,0,0,0,0,0,0,0,0,0,0,0
337,0,0,0,0,0,0,0,0,0,0,0,0
338,0,0,0,0,0,0,0,0,0,0,0,0
339,0,0,0,0,0,0,0,0,0,0,0,0
340,0,0,0,0,0,0,0,0,0,0,0,0
341,0,0,0,0,0,0,0,0,0,0,0,0
342,0,0,0,0,0,0,0,0,0,0,0,0
343,0,0,0,0,0,0,0,0,0,0,0,0
344,0,0,0,0,0,0,0,0,0,0,0,0
345,0,0,0,0,0,0,0,0,0,0,0,0
346,0,0,0,0,0,0,0,0,0,0,0,0
347,0,0,0,0,0,0,0,0,0,0,0,0
348,0,0,0,0,0,0,0,0,0,0,0,0
349,0,0,0,0,0,0,0,0,0,0,0,0
350,0,0,0,0,0,0,0,0,0,0,0,0
351,0,0,0,0,0,0,0,0,0,0,0,0
352,0,0,0,0,0,0,0,0,0,0,0,0
353,0,0,0,0,0,0,0,0,0,0,0,0
354,0,0,0,0,0,0,0,0,0.0050626007584460946,0.0057688059715556616,0.009157366982328509,0.00801423922978395
355,0.11281058653458712,0.07073977247714726,0.08795405957169888,0.05407358349536978,0.07654343399977133,0.12723273489435946,0.06974699326671294,0.11019499283261024,0.05573673865468053,0.06351170991505353,0.10081809619443634,0.08823282316333825
356,0.21676454167308912,0.13592584552661777,0.1690029455303077,0.10390191118633783,0.14707752967810156,0.24447657185732072,0.13401822907728397,0.2117387015686393,0.0969269994567982,0.11044778759978205,0.17532413612530137,0.15343816321600445
357,0.30866436580671824,0.19355317332984312,0.2406536908617281,0.14795232317471993,0.20943274242230925,0.3481252303743774,0.19083680091491148,0.3015077629024225,0.13363582169549545,0.15227729046667826,0.24172403071860754,0.21154926012083566
358,0.46171231630708265,0.28952446050305625,0.35997926986231543,0.2213129126761258,0.31327774542948017,0.5207394318453331,0.2854612036500248,0.4510071877925021,0.1968228424062894,0.22427855617839965,0.3560183953696994,0.31157608908789963
359,0.31238680161680643,0.19588738920758514,0.24355593036822995,0.14973660113804074,0.21195846299961088,0.3523235569954434,0.19313825783803806,0.3051438913901221,0.13198976079625171,0.15040161304351599,0.23874659195761325,0.20894349947274896
360,0.6434534325603254,0.40348827904552503,0.501675802577921,0.30842701895061453,0.43659143046833765,0.7257150460494511,0.3978256261833076,0.6285345069752324,0.2703456867124105,0.3080574365436554,0.4890084728061842,0.42796481718192975
361,0.6404508551893647,0.4016054624891049,0.49933480890820764,0.30698779127564657,0.4345541431012263,0.7223286073970635,0.39596923353339475,0.6256015464966436,0.2680593843687439,0.3054522074840813,0.4848729482818409,0.42434553634032063
362,0.6837812474867397,0.42877651253521104,0.5331178431292022,0.32775738088380696,0.4639543716159629,0.7711985271926695,0.4227589584399528,0.6679272928234702,0.2854204011577694,0.3252349914924235,0.5162760174767087,0.4518285136593246
363,0.4117169084023569,0.2581740005087884,0.3209997802572735,0.19734857611191167,0.27935521809580893,0.46435241467538824,0.25455072365328835,0.4021709589866571,0.17151411492222388,0.19543939915046812,0.31023929555807056,0.271511662454944
364,0.6520052473675296,0.40885083811300105,0.5083433224632853,0.31252616678965645,0.4423939468134931,0.7353601584423124,0.40311292578965613,0.6368880418723918,0.2712041257879987,0.3090356231915376,0.4905612402516553,0.429323750355651
365,1.498929455586345,0.9399288834914694,1.1686574343800182,0.7184829860402079,1.0170429157267966,1.690558483086093,0.926737692423976,1.4641757098238655,0.6227574341264749,0.7096287019721826,1.126460220224795,0.9858425140259124
366,1.3433589115173281,0.8423757616644307,1.0473650865518929,0.6439132398616704,0.9114863005362142,1.5150991897791135,0.8305536548881558,1.3122121794915893,0.5576095341515634,0.63539302502638,1.0086189649760977,0.8827115580946311
367,1.4838072398194695,0.9304462441793236,1.1568672264990576,0.7112344429555175,1.0067822978181462,1.6735029838746578,0.9173881347834199,1.4494041133874518,0.6154544794922175,0.7013070249697412,1.1132504415296016,0.974281731670015
368,1.8581808872988521,1.165203525899614,1.448751907750851,0.8906832456548625,1.2607996330467515,2.095738028513618,1.148850775587735,1.8150976415215372,0.770277885620435,0.8777274524188116,1.3932991388330294,1.2193715331937636
369,1.8888427798621266,1.1844305804720123,1.472657801762531,0.9053804337342627,1.281604121542213,2.130319857823284,1.1678079929894876,1.8450486162929378,0.7826059657255481,0.891775232506851,1.4155984982130323,1.2388872303463554
370,2.4483805055717855,1.5352981065170634,1.9089077670491812,1.1735840736532361,1.6612576655392415,2.7613910835436024,1.5137513586467373,2.3916130617782634,1.0140300988911135,1.1554817709180254,1.8342046291485516,1.6052381347979825
371,2.0258654796284037,1.2703529650941245,1.5794891113774587,0.9710596277193159,1.3745757858001135,2.284860077579406,1.2525245219214176,1.9788943472875233,0.8387569369804292,0.9557589582121411,1.5171658693586392,1.3277757953532996
372,3.170756915161849,1.9882763634964506,2.472116768207903,1.5198413026862374,2.1513993510759635,3.5761189299158276,1.960372408349932,3.0972406604151876,1.3123980490674256,1.4954704239490502,2.373900517861734,2.0775629823032737
373,2.65006699997295,1.6617690093279227,2.0661549411690356,1.2702586130728688,1.798104546200638,2.988861971358271,1.6384473379790674,2.5886233113274626,1.096618451720034,1.2495907488352689,1.983592639660482,1.735977817570821
374,2.791298364882186,1.7503305080951792,2.176267584531729,1.3379551496939521,1.8939318438923605,3.1481489085355374,1.7257659430849195,2.726580126569634,1.1548257579104542,1.3159176569919635,2.088879564162514,1.8281216185515832
375,2.846884036676496,1.7851864369269408,2.219605587094376,1.3645990716630512,1.9316474371803736,3.2108408708821914,1.7601326953149934,2.7808770050198834,1.1776178184624013,1.3418890857673356,2.130106449851539,1.8642020907275265
376,3.222112268070403,2.0204795998400615,2.51215655443541,1.5444575027144452,2.186244618587144,3.634039752799033,1.9921236966248526,3.1474053029324858,1.3326326655072291,1.518527659097473,2.4105014305797283,2.1095949486006274
377,2.9505796665187005,1.850210522761855,2.3004530667914147,1.4143035760949845,2.002006255822434,3.327793357228601,1.824244217279063,2.8821683779153813,1.2201715860806164,1.390378872037486,2.2070788371982224,1.931565900376559
378,4.0157755940145625,2.5181595146903635,3.1309452124357233,1.924884743109092,2.7247553938043296,4.529168114836838,2.482819050235949,3.922666980054503,1.660482516841514,1.8921107778127977,3.0035249667061277,2.6285904739061894
379,3.109967437745166,1.95015730097263,2.424721559280414,1.4907030366448397,2.110152908738765,3.5075578870020756,1.9227883180414538,3.0378606302778954,1.2858152994944665,1.4651795256946272,2.325816932990301,2.0354817429111076
380,2.973636950949655,1.8646689801167111,2.3184299413977714,1.4253556416249467,2.017650919885178,3.353798375441037,1.8384997611190148,2.904691062803909,1.229345260045235,1.400832223520892,2.223672422803426,1.9460880839885766
381,2.6747426285966256,1.6772422765822697,2.0853935762706306,1.2820864007448518,1.8148472776142364,3.016692229239832,1.653703449629012,2.612726817947316,1.1056960080460223,1.2599345747933262,2.0000123651229638,1.7503478442605496
382,2.79158118075435,1.750507852536551,2.1764880851499093,1.338090712039181,1.8941237380993678,3.148467880699342,1.725940798631172,2.7268563851546075,1.1539201867696425,1.3148857636126428,2.0872415429831457,1.8266880739944804
383,2.5750363635289375,1.6147197889142189,2.0076564502895837,1.2342941215380059,1.7471952942852402,2.904239123725889,1.5920584177933434,2.515332313566015,1.0643488742549065,1.2128197411926394,1.9252225691547549,1.6848941698590953
384,3.375381893140385,2.1165898917742676,2.631654964540777,1.617924347654434,2.290240030641109,3.806903968587043,2.0868851532942596,3.2971212627095876,1.3950879476660834,1.589695112717454,2.5234722070643922,2.2084634148824422
385,3.3733112941444787,2.115291487906676,2.6300405984335757,1.6169318458766313,2.2888351025891254,3.8045686560848084,2.085604971543044,3.2950986720244204,1.394170461115524,1.5886496417936686,2.521812632974769,2.2070110078969565
386,3.301284327396731,2.0701257690103154,2.5738839528677104,1.582407105601848,2.239963879197608,3.723333479077274,2.041073119355247,3.2247417017405264,1.3643488383863047,1.5546680652305183,2.467870488142509,2.159802541305235
387,3.8446287802514534,2.410839031412146,2.9975086484071176,1.8428488118346043,2.608630079275171,4.336141220354202,2.377004728780443,3.7554883269219115,1.5888457495049844,1.8104810718747057,2.873946475486204,2.5151874586426395
388,4.559021095047604,2.8588107276909187,3.5544927590595345,2.185279018690558,3.0933544537981046,5.141864253902642,2.8186894810762926,4.453316947682586,1.8840195755083102,2.1468300378195484,3.407864747390405,2.98245591784608
389,5.169004780722791,3.241311239965135,4.030073492000682,2.477662958632736,3.507236230497323,5.829830649198357,3.1958218879231257,5.049157727664506,2.1360371113405217,2.43400264632914,3.86372077311937,3.381406757271925
390,6.440619220092386,4.038698425715482,5.021502183121399,3.0871868665692306,4.370042983861741,7.264013271788899,3.9820183475379682,6.291288881633948,2.6614537238296663,3.0327120125822793,4.814108324645713,4.213156015944093
391,5.476722457102782,3.434270775794187,4.269989085660792,2.6251615044508014,3.7160266319667232,6.176888161652298,3.386073382590639,5.349740750808034,2.263093773347201,2.578783020188807,4.093544244702376,3.582541022769857
392,4.938891034313189,3.0970145514634013,3.850662686847465,2.367362363075625,3.351101093700183,5.5702982578522295,3.053550294321512,4.824379332167762,2.0408118045071433,2.32549392819901,3.6914747038982747,3.2306624212863015
393,7.4140002581724715,4.649073349581722,5.780409803755119,3.553758333417299,5.030494538397971,8.361835163985775,4.583827120937998,7.242101387885281,3.063503479530615,3.490845517911668,5.5413466224646335,4.849612074440912
394,5.253619832785914,3.2943705291237118,4.0960445817577655,2.5182215553323246,3.564648631690674,5.925263221778051,3.248136530083947,5.131810919550607,2.170789065836383,2.473602309068591,3.926581033261524,3.4364200775634277
395,6.06147374952126,3.800948892202335,4.72589709560837,2.9054507823096802,4.112787905287395,6.836396355456464,3.7476054489318487,5.920934168521164,2.5045582279463545,2.8539304501507905,4.530311576248968,3.964786038124553
396,5.654493581292051,3.545745144153223,4.408590368814983,2.710372671436154,3.8366466263258037,6.37738624441788,3.49598329249119,5.523390125017035,2.336368247556807,2.662278884182775,4.226085063698437,3.6985365740233718
397,7.461448299213187,4.6788264404113455,5.81740320975054,3.5765016387020405,5.0626886445486825,8.415349148908984,4.61316264963832,7.288449312340051,3.0829454564353256,3.5129995446299755,5.576513787697119,4.880389270085725
398,6.67801170829427,4.18755937147465,5.206587942273805,3.2009763869173278,4.5311168405884,7.531754947859719,4.128790142498086,6.5231772561164405,2.7592143650704344,3.1441097304512966,4.990940374215477,4.367913857524529
399,4.5827367624921065,2.873682035169259,3.572982949486448,2.1966466674467813,3.10944583920405,5.168611825398372,2.8333520810004593,4.47648275050612,1.8934737911757626,2.1576030650442966,3.4249657842937204,2.997422206855247
400,5.048067663387333,3.1654755898975826,3.9357834900664126,2.419694079001717,3.4251788408209474,5.693432455894818,3.121050533854281,4.931024623428837,2.085719659911145,2.376666184670578,3.772705227880973,3.301752818036188
401,5.457005021544092,3.4219066267537337,4.254616162294255,2.6157103311988084,3.7026480983229093,6.154649971706656,3.3738827550316977,5.330480478019705,2.254664282918036,2.5691776617880264,4.078296758080977,3.5691969026016226
402,5.033397092006563,3.156276161781257,3.924345411878782,2.4126620229611286,3.4152246694375847,5.676886341061296,3.1119802127545877,4.916694199682139,2.0796282376613275,2.3697250422169907,3.7616869012051364,3.292109925481759
403,6.000430756252339,3.762670858306612,4.678304230157189,2.876190998323695,4.0713694491835835,6.767549386228435,3.70986461829445,5.861306500477017,2.479158546167883,2.824987651200111,4.48436795588906,3.9245776282882745
404,5.412561838906591,3.3940377828401056,4.2199655284013415,2.5944073469579436,3.6724928272490325,6.104524998084209,3.3464050292668475,5.287067742188424,2.2362602705957775,2.5482063900542045,4.045007090808469,3.5400628340514992
405,4.835788055202985,3.032362097221124,3.7702772740484805,2.3179419343658814,3.281144396202807,5.454014189034581,2.9898051883817196,4.723666868975433,1.9979494277764678,2.276652483527223,3.6139440961759917,3.1628100747421515
406,6.3244186180395765,3.96583288708624,4.930905059312573,3.0314883443796625,4.291199380728484,7.132957128480776,3.910175421639515,6.1777824732045525,2.6129778651734905,2.9774740358515466,4.726423901425593,4.136417369806208
407,8.55924936598864,5.367221032394567,6.673316323857424,4.102711451709158,5.807560788918239,9.653497414834025,5.291896144114943,8.360797080409347,3.5362989947058625,4.029593430576396,6.396551732769977,5.59806065772331
408,8.814042275015547,5.526993204200694,6.8719685194306495,4.224841528890084,5.980441054989114,9.940864049854971,5.449426034315961,8.609682434581421,3.6415544286778223,4.149531423913737,6.586940562890037,5.764682966756608
409,7.552405263484101,4.735862532106194,5.888318843643569,3.6201001089615716,5.124404114748419,8.517934408656112,4.669398282919235,7.37729737468778,3.120292322387314,3.5555560948306373,5.644067792739215,4.9395104081139545
410,11.349149393845273,7.116674689778545,8.84849367898937,5.439996335462398,7.700543843152531,12.800069217447765,7.016797542425282,11.08601129139214,4.6889096779442525,5.3429870220523625,8.481424610916115,7.422675750838505
411,6.81815768737763,4.275440260835191,5.315854352206464,3.2681526647321846,4.626207690036395,7.689817739225106,4.215437690035542,6.660073850975251,2.816918046608859,3.2098627610619475,5.095316329044071,4.459260406532306
412,6.037152805349326,3.785698035788922,4.706934994282158,2.8937930058033587,4.096285831836464,6.808966126279708,3.732568626754882,5.897177122741717,2.494238159170583,2.8421707880282705,4.511644361200466,3.94844907931956
413,9.00961444639879,5.6496300180982155,7.02444859192043,4.3185852852477415,6.1131392888368365,10.161438935587785,5.5703417332733585,8.800720126041584,3.7222945690614604,4.241534373822893,6.732985477544659,5.892496877304716
414,7.104071586867757,4.454727372260542,5.538770382701717,3.4051999897350216,4.820203948433032,8.012283994333947,4.3922086424362154,6.939358633307258,2.935016968354233,3.3444358387162314,5.308936801651046,4.646214317537026
415,8.179118553738622,5.128853623836905,6.376943003473831,3.9205030628797823,5.549637143340721,9.224769186873297,5.056874041873294,7.989479871465466,3.3791585709555187,3.8505327741753526,6.112311952329104,5.349302952209232
416,8.159316623604923,5.116436491054454,6.361504202948846,3.911011388779446,5.536201279040947,9.20243570023439,5.044631174159105,7.970137063168962,3.37096871265572,3.8412004752799187,6.097497918680609,5.3363381764340305
417,6.739689214056118,4.226235287083096,5.254675512622073,3.230540312254927,4.572965821580136,7.601317548149334,4.166923270879262,6.583424725029975,2.784452526850106,3.1728684782436765,5.036591832903042,4.40786657666495
418,6.250043794431923,3.91919490512326,4.87291788038574,2.9958382041060925,4.240735106258007,7.049073935372956,3.8641919684838544,6.10513208279231,2.582152700156646,2.9423489283212545,4.670666522596313,4.087620267579568
419,10.371999190921128,6.503936247809186,8.08664738602521,4.971618191987925,7.037534861788392,11.697996295572658,6.412658421111324,10.13151701106503,4.285092469797421,4.882839514294037,7.750989298076059,6.7834217654648885
420,10.940016702222339,6.860121165792603,8.529508712798274,5.243886453927697,7.422942049381273,12.338631395972413,6.763844553132313,10.686364632280467,4.519751901496322,5.1502326577506015,8.175447523099331,7.154894238387556
421,6.207195728010817,3.8923263056165514,4.83951089703158,2.9752998081238466,4.211662142054277,7.000748003887607,3.8377004494520985,6.063277479273186,2.564431837993246,2.922156102470077,4.638612555511749,4.0595676449234
422,5.637732813314326,3.5352350231645087,4.395522645027126,2.7023387198848763,3.82527422966607,6.3584827140468025,3.485620673102372,5.5070179673684425,2.329158100725138,2.6540629611655535,4.2130431582264505,3.6871227090263226
423,3.251960378281989,2.0391963585247006,2.535427973761358,1.5587646198856722,2.2064969452896377,3.6677037626256634,2.010577779755724,3.1765613634749443,1.3435034910002195,1.5309149054974744,2.4301648690355635,2.126803770761987
424,3.269198556672113,2.050005847728659,2.5488679160186183,1.567027408929861,2.218193271054917,3.6871457374309267,2.021235565953279,3.1933998624358964,1.3506209624227408,1.5390252253910812,2.4430391407611234,2.138070927982724
425,7.995993107925495,5.014021738199779,6.234167162438702,3.83272540487366,5.425384172889421,9.018232264982464,4.9436537349105585,7.810600319388505,3.303418930862592,3.764227867093235,5.975312075678097,5.229404974105827
426,11.09101204175438,6.954805328792957,8.647233950262386,5.316263163866122,7.5253943294445484,12.5089305726288,6.8571998955089555,10.833859037447748,4.582065522672623,5.221238689453056,8.28816205942874,7.253538451354149
427,6.290726807845519,3.9447058717884325,4.904636855485994,3.0153388235979417,4.268339054147956,7.094958024972726,3.889344908024308,6.144871831598116,2.598900470523999,2.9614329213744774,4.700960335343398,4.114132458584463
428,3.305774748213765,2.0729415627818177,2.577384960638132,1.5845595023975585,2.2430106874803966,3.728397972924247,2.0438493955905837,3.2291280089564425,1.3657177865728534,1.556227974227912,2.47034667805401,2.161969624743896
429,3.397821146339621,2.1306608022679776,2.6491499840531967,1.6286801718081418,2.305465352563651,3.832211944028254,2.1007585892001823,3.3190402458601707,1.4037411830116184,1.5995554272309611,2.5391244094450203,2.222161729539201
430,3.322800886986,2.0836180889830445,2.5906595837905435,1.5927206543318402,2.2545631416375596,3.747600800134246,2.0543760848205976,3.24575938458889,1.3727439065206433,1.564234199613956,2.483055710800949,2.173092170013697
431,4.051831003403793,2.5407686645504475,3.159056223314387,1.9421672096750329,2.7492194528407836,4.569832989342396,2.5051108977757015,3.9578864191273126,1.6739217751023046,1.907424739352977,3.0278342547057844,2.6498651972967586
432,7.861799337934013,4.929873281493212,6.129541460165957,3.7684022039303864,5.334331973871077,8.866882636492,4.860686238157396,7.679517927419392,3.247912980455377,3.7009791391283025,5.874911435407618,5.141537495222012
433,10.837145360331073,6.795613963557857,8.449303898597162,5.194577056060745,7.353142520716401,12.22260857778535,6.70024266069797,10.585878435633367,4.477090100829729,5.101619768410636,8.098279722699669,7.08735940938785
434,9.288917368256914,5.824771604995191,7.2422102983550225,4.452463765357988,6.30264991387588,10.476449039724596,5.743025340447399,9.07354721096102,3.8374669337794005,4.372772655695029,6.941312315916266,6.074817966316052
435,6.510889952641356,4.082762868468755,5.076289560677174,3.1208697897814286,4.417722579759672,7.343267690721417,4.025464379160518,6.359930337258344,2.6897885682092775,3.06499941331944,4.86536114523173,4.2580108706387
436,6.16858138596024,3.8681125340644007,4.809404785137575,2.9567907664360735,4.185461814292602,6.957197052721026,3.813826499872247,6.0255584382131975,2.5483645699159174,2.9038475380673954,4.6095496534169955,4.034132708161707
437,5.57565789390501,3.496309902655486,4.347125226599012,2.6725843019640116,3.783155598402759,6.288471893188489,3.4472418372229408,5.446382299125577,2.303407576326323,2.62472037896119,4.166464924397928,3.6463589054654353
438,5.710706890355314,3.580994643473073,4.452417715927983,2.737317439250576,3.8747880795738396,6.440786083646514,3.530738091745185,5.578300088519656,2.3591895670593557,2.688283653372889,4.2673648737559775,3.734663363940122
439,13.919562876050426,8.728495623336372,10.852545847164702,6.672074567810127,9.444602452997366,15.699094452548612,8.60599778810493,13.596827908426567,5.7503827018598725,6.5525297474576325,10.401445265442474,9.103017368816111
440,15.823883455693183,9.922631818046932,12.337271091937355,7.58487398698248,10.736708460775292,17.84687085285369,9.783375184376903,15.456995460701352,6.537057912407641,7.448941862260799,11.82440432198431,10.348346328037774
441,6.272113584660594,3.9330341376576623,4.890124843882135,3.006416933295568,4.25570974280277,7.0739652142466625,3.8778369778554245,6.126690169234135,2.591083299762415,2.9525252978975796,4.686820428832317,4.101757657652574
442,6.109828581200602,3.8312706013277342,4.763597491260513,2.9286287402348945,4.145597280550088,6.890933058694266,3.777501615800178,5.968167859028511,2.524029331408225,2.8761176664222337,4.565531426373187,3.9956093419276364
443,6.3105043212959435,3.957107693679659,4.92005661926557,3.0248187940310753,4.2817583514140685,7.117263973403692,3.901572679724051,6.164190789329518,2.6069188793168743,2.9705698544912242,4.715464246561004,4.126825824973488
444,8.325261880650698,5.220495250854277,6.4908853139970555,3.9905540539509836,5.648797270431914,9.389596050563815,5.14722954795859,8.132234761377084,3.4392122360830384,3.918963598277662,6.220938620013513,5.444369591259197
445,12.920782061924358,8.102193343415543,10.073835001637976,6.193328207160182,8.766916823707092,14.572625577197865,7.988485187047624,12.621204538006216,5.337620992795901,6.082190029654439,9.654830901304447,8.44960398720304
446,19.320303988167897,12.115121020962784,15.063295211195934,9.260815876884193,13.109074765074842,21.790287515714123,11.945094459379012,18.87234899578571,7.981245291840021,9.094585509869306,14.436688887905493,12.634535522810145
447,19.57493417285168,12.274791153737269,15.261820536880363,9.382867955283045,13.281844620585856,22.07747062307294,12.10252374258903,19.121075398494316,8.086388853353796,9.214396025150284,14.626875360145942,12.800980734599182
448,19.578927746291342,12.27729539101828,15.264934171930102,9.384782197850772,13.284554311532355,22.081974750622837,12.104992834793608,19.124976378092764,8.087991475964838,9.216222204880793,14.629774226575218,12.803517731216685
449,17.8197444298282,11.174169954168947,13.893366848624865,8.541551532462233,12.090925803662563,20.09789053113772,11.0173489292223,17.406580978300486,7.361236875135742,8.388089298266747,13.315201163553272,11.653044780594714
450,17.574429049176658,11.02034082566677,13.702103916071414,8.423964326102901,11.924476162499912,19.82121306893538,10.86567867620683,17.166953409266103,7.259854611298936,8.272564761188473,13.131818226649939,11.49255380869855
451,9.802056616907196,6.146544186928234,7.642285162166907,4.698427188286696,6.650821494383644,11.055190024883775,6.06028208753048,9.574788961085352,4.049124328927916,4.613955103870429,7.324163845076464,6.409877569158161
452,9.407023435421399,5.898831997517169,7.334293039756062,4.509075635576129,6.382786399596618,10.609654250286521,5.816046351367801,9.188914904937928,3.8859149898128322,4.427978951488678,7.028946449012459,6.151512600121043
453,7.19178241735207,4.509727921259012,5.607155131389599,3.447242488239251,4.8797168751048785,8.111208121804491,4.446437300323137,7.025035825789524,2.9708095353013784,3.38522127367227,5.373679349288788,4.702874956573972
454,13.487550949021132,8.457595290626049,10.515722824318619,6.464997965118659,9.151476803716724,15.211852424371875,8.338899336698388,13.174832485257664,5.571450979582932,6.348638025154652,10.077788804297201,8.81976342552772
455,16.402190189452487,10.28526876573794,12.788154528273227,7.862074189680485,11.129097018152013,18.49911059031362,10.140922796747823,16.021893741432468,6.775383980472739,7.720513117872374,12.255494856446559,10.725623189338945
456,10.380050592230111,6.5089850141902135,8.092924752823127,4.975477476247587,7.042997841138393,11.707077019640696,6.417636331874275,10.139381734906916,4.287740338630203,4.885856746397313,7.755778833688245,6.787613416216648
457,11.367033811161738,7.127889413952196,8.862437468791182,5.4485688866983715,7.712678650341637,12.820240048901322,7.027854876426184,11.10348104577019,4.695402252322236,5.350385275169596,8.493168552237197,7.432953678481827
458,5.4613323967458545,3.424620180034499,4.2579900496923875,2.6177845752168243,3.7055842780585477,6.159530575546663,3.376558225644265,5.334707519948931,2.255906795367819,2.570593497952489,4.080544247666996,3.571163834716886
459,4.872292603055562,3.055252886896086,3.7987384608492336,2.3354396868100795,3.305913201463725,5.495185621628289,3.0123747231345366,4.759325032916801,2.0125762552087614,2.2933196736657218,3.6404014908977147,3.185964753494886
460,8.614481991819162,5.401855577826779,6.716379070110496,4.129186147890262,5.845036835978738,9.715791196434566,5.326044619894059,8.414749098517635,3.5583166860176623,4.054682469823165,6.436377918769217,5.6329152816369
461,6.491165449095403,4.070394287328211,5.060911126673809,3.1114152286257712,4.404339250395587,7.321021529189268,4.013269381702658,6.340663160359066,2.681231318108931,3.0552484734696774,4.849882563517043,4.244464503321693
462,8.089855014961492,5.072879423032061,6.307347668068166,3.877716303538916,5.4890706841203505,9.124093846784707,5.001685396646787,7.902285971336745,3.3415555236939576,3.807684306768699,6.044294559716527,5.289776271970768
463,10.032755721171034,6.291207933901148,7.822152348242903,4.809008363865399,6.807353804014099,11.31538260853077,6.202915588215214,9.800139142498058,4.144044468878315,4.722116086000657,7.495857920318255,6.560138817394644
464,15.043743920196377,9.433432223073178,11.72902641129928,7.21092911525901,10.207373751327577,16.966995215738358,9.301041135766049,14.694944015324374,6.213784902350822,7.080574029235988,11.23965949816358,9.836596071056634
465,16.494815841261758,10.343351235972476,12.860371173424722,7.906472513195858,11.191944714310168,18.60357786916651,10.198190123436934,16.11237180161088,6.813084336913905,7.763472468558824,12.323688264492885,10.785303912742535
466,10.454975273119608,6.55596779339437,8.151340634246852,5.011391180026619,7.09383520084719,11.791580365944412,6.463959743302582,10.21256923376876,4.318323223648848,4.920705777190156,7.81109797000901,6.836026982399503
467,8.831769108343263,5.538109112688221,6.8857894470795395,4.233338545273922,5.992468939414916,9.960857151163863,5.460385939434166,8.626998258667605,3.6478391453524326,4.156692824310863,6.598308525665563,5.774631849815915
468,7.130048528328191,4.4710166495793855,5.55902360118845,3.417651536670153,4.837829637344622,8.04158192999523,4.408269312066501,6.964733280900001,2.9449391948378794,3.3557421617152334,5.3268843889738156,4.661921480816567
469,9.944467725272268,6.235845463638421,7.753317605961293,4.766689212227915,6.747449263184704,11.21580752855281,6.148330088355281,9.713898166592067,4.107345006855942,4.680297249049247,7.429474956733337,6.50204253797522
470,10.14697760806236,6.3628326859639825,7.911206744223296,4.86375842702479,6.884854823458891,11.444207069961271,6.273535141048386,9.911712713684638,4.190943521644569,4.77555730101389,7.580690175081319,6.634381335509857
471,13.78737978779919,8.64560799837617,10.749487795827859,6.608715148461326,9.354914527402345,15.550012559247481,8.524273428278063,13.467709579111155,5.6944597121114935,6.488805805436436,10.300290273313076,9.014489704938894
472,13.819037784658322,8.66545967687277,10.774170313907094,6.623889799963858,9.376394885475026,15.585717838737626,8.543846503479605,13.49863356279169,5.707477297260663,6.503639272764167,10.32383682776649,9.035096907947246
473,13.527121878893325,8.482408906633712,10.546574750810638,6.483965528768171,9.178326188619561,15.256482257303453,8.36336471237044,13.213485934970109,5.58685363258323,6.36618926429941,10.105649532953292,8.844146257950719
474,12.214601945147427,7.659371243794871,9.523253624771323,5.854834359372235,8.287764531170314,13.776164621310537,7.551877760715113,11.931397709611543,5.044718376283893,5.748429094546183,9.125020853571598,7.985930916431923
475,11.481452798516054,7.19963776116984,8.951645536394034,5.5034134261712895,7.790313404985788,12.949286808891967,7.098596289849637,11.215247147505313,4.741874336239204,5.403339961506176,8.577228494382796,7.506520292913317
476,5.344396884653766,3.3512938037253313,4.166819944895163,2.5617337880440556,3.626242029010795,6.027645568414046,3.3042609295742205,5.2204832408923325,2.20723036064756,2.5151269658899325,3.992497017124252,3.494107671034554
477,9.775158427561461,6.129677225654337,7.6213136822663,4.685534058908143,6.632570726932244,11.024853065390042,6.043651841302579,9.548514425394902,4.037089765082917,4.600241783961039,7.302395405719074,6.390826516491404
478,9.180195018000491,5.756595429721408,7.157443678794039,4.40034979924009,6.228880400776139,10.353827197287613,5.675805966235998,8.967345665740101,3.791338410843487,4.320209455223851,6.85787381601635,6.001795218569603
479,6.250009418312054,3.91917334900009,4.872891078652075,2.9958217265746376,4.240711781618509,7.049035164474936,3.864170714884571,6.105098503707234,2.5811736506557246,2.9412333067510676,4.6688955918037065,4.086070404714104
480,7.465917355432358,4.681628837153027,5.820887560368729,3.578643794788949,5.0657209566770165,8.420389546824007,4.6159257168610175,7.292814750311503,3.0833029187277505,3.513406870963917,5.577160375004765,4.880955142937212
481,6.844686574388873,4.29207564487933,5.336537901332789,3.2808687761443163,4.644207881103658,7.7197381833237575,4.231839609044973,6.685987646868555,2.826722442929446,3.221034817232355,5.113050782032097,4.474781041353393
482,7.080785460285557,4.440125415592282,5.520615088703869,3.3940382331241703,4.804404012027165,7.986020877891046,4.3778116131872045,6.916612412135558,2.924206381877188,3.332117234346579,5.289382325130387,4.629100855430269
483,7.491090313341627,4.69741396308651,5.8405139439162435,3.5907099676823506,5.082801132407834,8.448780714519913,4.631489310489377,7.317404055283665,3.0936355648804783,3.5251808649389273,5.595850340347423,4.897312012083276
484,8.250472134063493,5.173597084470042,6.432574635640052,3.9547050283327994,5.598051465382828,9.305244889093448,5.100989561873262,8.059179068269744,3.4072253186158106,3.882514680162057,6.163079832434387,5.393733402265223
485,8.675401937855277,5.440056452889098,6.763876000384166,4.158386951553377,5.886371802952385,9.784499387588372,5.363709374563929,8.474256572266603,3.58270157206597,4.082468914570263,6.480485949605752,5.671517241322567
486,7.53651112712646,4.725895847026374,5.875926799075909,3.612481560598134,5.11361973879004,8.500008303494464,4.659571472727298,7.361771755188643,3.1123685749052106,3.5465270277615826,5.629735107419745,4.926966893239306
487,4.061809282613134,2.5470257120728967,3.166835902429276,1.9469501057714118,2.7559898436308123,4.58108693094791,2.511280132368006,3.967633344834663,1.6774172267484615,1.9114077874525126,3.0341569206674333,2.6553985954541597
488,2.0576498006962547,1.2902838573068962,1.6042701195658233,0.9862948303000519,1.3961418564732653,2.3207078310611533,1.272175699134531,2.0099417262601285,0.8497581700134345,0.9682948032932286,1.5370651924433745,1.3451910563141831
489,2.5097001462876216,1.573749616839534,1.9567163238354914,1.202976463268525,1.7028638304941877,2.830550067914482,1.5516632311004221,2.451510963001461,1.0364531789212117,1.1810327483998062,1.874764093050018,1.6407345004416676
490,2.40394268817916,1.5074326269703227,1.8742613162305877,1.1522836611392437,1.6311060348530249,2.7112721610800055,1.4862769500324302,2.348205566794839,0.992791344393198,1.1312803259252375,1.7957874047880253,1.5716165897442917
491,2.1868663101207497,1.3713112392022775,1.7050152439082495,1.0482322771832253,1.4838169201764595,2.466443886449365,1.3520659230012,2.136162258989311,0.9031598590592371,1.029145736905687,1.6336595887628473,1.4297274303455725
492,2.027661133919779,1.2714789602681733,1.5808891137120396,0.9719203400446061,1.3757941603335728,2.2868852953664494,1.2536347146047213,1.9806483680567295,0.8374318772197837,0.9542490598368589,1.5147690659999102,1.3256781885258488
493,1.8701691896405348,1.1727209921772834,1.4580987243104884,0.896429607654691,1.2689338503861725,2.109258962501538,1.15626273991121,1.826807986544979,0.7724150467520948,0.8801627358801685,1.3971648927640161,1.2227547193067796
494,1.3610747412739632,0.8534847701779538,1.0611774351411758,0.6524049818954862,0.9235067188975037,1.535079880777192,0.8415067568682738,1.329517255132319,0.5621759825438601,0.6405964680808877,1.0168788783544858,0.8899403741898512
495,1.1448770746684158,0.7179143931807773,0.892616460218343,0.5487747913626595,0.7768138212442094,1.291242655522015,0.7078390075884402,1.118332285229507,0.4729069242563865,0.5388748627054731,0.8554066300162257,0.7486249469877796
496,1.427221463891055,0.8949631832576286,1.1127494813493797,0.6841111403178054,0.968388121011216,1.609683060154252,0.8824030517880325,1.3941303189289185,0.5895796376517028,0.671822783718129,1.066447339004087,0.9333211301063322
497,0.8634896587939701,0.5414656893103489,0.6732295542655097,0.41389714916399806,0.5858888402031055,0.9738815674685846,0.5338666278391734,0.8434690367704226,0.35674041718517735,0.40650376104016095,0.6452815604990243,0.5647301027016948
498,1.375945898920536,0.8628099792802734,1.0727719026971594,0.6595331851020904,0.9335969906422715,1.5518522256123857,0.8507010937129432,1.3440436144095511,0.56852927902124,0.6478360147894893,1.028370890102368,0.8999978210036294
499,1.0698215556965167,0.6708495697601623,0.8340985693924209,0.5127983728669452,0.7258876862135863,1.2065917442816734,0.661434703372207,1.045016981859282,0.442114923796673,0.5037875460072743,0.7997092401204889,0.6998803451868059
500,1.584534861173872,0.993609190456445,1.2354006645501434,0.7595162896413101,1.075127284524964,1.7871080198736053,0.9796646368759212,1.5477962931833718,0.6549662430018897,0.746330464138042,1.1847203708882228,1.036829963352885
501,1.01371736671843,0.635668496021946,0.7903562989975447,0.4859059096652186,0.687820272346908,1.1433149754783893,0.6267473693985531,0.9902136084150338,0.41913625468873567,0.47760347779942325,0.7581448119091946,0.6635044664241322
502,0.5214308169537413,0.32697194906057564,0.40653947954439495,0.24993782661490171,0.35379751625268524,0.5880925801133408,0.32238314502494775,0.5093410725180741,0.21567189528261818,0.24575694919798058,0.39011306384022626,0.3414146693381251
503,0.47009000642898113,0.294777831762902,0.3665110314521622,0.22532859719848158,0.3189621159359615,0.5301881587693776,0.2906408478170509,0.4591906352090564,0.19453088024299275,0.22166687778520486,0.3518726332129852,0.3079478485928087
504,0.40629672598809224,0.2547751841162137,0.31677387326043727,0.1947505159888219,0.2756775546101591,0.4582392948576681,0.2511996070784608,0.39687644735757155,0.1682419712940797,0.19171080932036275,0.30432055508227585,0.2663317671636926
505,0.3444423165368565,0.21598833807896525,0.2685483779344444,0.1651017952724136,0.2337085421897343,0.38847717481636007,0.2129571050931604,0.3364561763925367,0.14275685602771832,0.16267065937587147,0.2582224003558411,0.22598811371590832
506,1.0300101054304853,0.6458851314009941,0.8030591184339714,0.4937155203957191,0.698875105129817,1.1616906418846487,0.6368206220262899,1.006128588389436,0.4274365291188608,0.48706159527356385,0.7731585691927184,0.6766440340356811
507,0.5951028738005556,0.3731692493260899,0.46397873835622316,0.28525110916715984,0.4037849544365352,0.6711831619980386,0.367932101117506,0.581304990316776,0.2474149440303465,0.2819279802368738,0.44753073518947045,0.3916648072978628
508,0.6901074655500822,0.4327434737946886,0.5380501511465545,0.33078973175766024,0.4682467919434748,0.7783335138146064,0.42667024639813045,0.6741068330205578,0.28772993855044354,0.3278666967637038,0.5204535701760489,0.45548457623628025
509,0.36150805531409275,0.22668969612824721,0.28185387568210385,0.17328192870694833,0.24528786545964937,0.40772466465149865,0.2235082776750213,0.35312623387569836,0.15143339923865398,0.17255753307496793,0.27391676262369574,0.2397233253784095
510,0.23795579875493938,0.14921417909994972,0.18552495064553506,0.11405953242019212,0.16145607018253805,0.2683770024569492,0.14712007093809054,0.23243862427963902,0.10054484883975051,0.11457030725329118,0.18186819837062326,0.15916532042940587
511,0.10292660391349821,0.06454185521368602,0.08024789986660458,0.04933588665373186,0.06983702465777,0.11608514512321774,0.06363605908492818,0.1005401773800321,0.044355470247449874,0.05054281659634306,0.08023135501096157,0.07021595552830766
512,0.03887269786772969,0.024375777905320955,0.030307541951505583,0.018632879576390707,0.02637562550673702,0.04384233620589328,0.024033682296370772,0.03797140671372518,0.018081737558751886,0.02060404139730088,0.03270672810361348,0.028623898545475288
513,0,0,0,0,0,0,0,0,0,0,0,0
514,0,0,0,0,0,0,0,0,0,0,0,0
515,0,0,0,0,0,0,0,0,0,0,0,0
516,0,0,0,0,0,0,0,0,0,0,0,0
517,0,0,0,0,0,0,0,0,0,0,0,0
518,0,0,0,0,0,0,0,0,0,0,0,0
519,0,0,0,0,0,0,0,0,0,0,0,0
520,0,0,0,0,0,0,0,0,0,0,0,0
521,0,0,0,0,0,0,0,0,0,0,0,0
522,0,0,0,0,0,0,0,0,0,0,0,0
523,0,0,0,0,0,0,0,0,0,0,0,0
524,0,0,0,0,0,0,0,0,0,0,0,0
525,0,0,0,0,0,0,0,0,0,0,0,0
526,0,0,0,0,0,0,0,0,0,0,0,0
527,0,0,0,0,0,0,0,0,0,0,0,0
528,0,0,0,0,0,0,0,0,0,0,0,0
529,0,0,0,0,0,0,0,0,0,0,0,0
530,0,0,0,0,0,0,0,0,0,0,0,0
531,0,0,0,0,0,0,0,0,0,0,0,0
532,0,0,0,0,0,0,0,0,0,0,0,0
533,0,0,0,0,0,0,0,0,0,0,0,0
534,0,0,0,0,0,0,0,0,0,0,0,0
535,0,0,0,0,0,0,0,0,0,0,0,0
536,0,0,0,0,0,0,0,0,0,0,0,0
537,0,0,0,0,0,0,0,0,0,0,0,0
538,0,0,0,0,0,0,0,0,0,0,0,0
539,0,0,0,0,0,0,0,0,0,0,0,0
540,0,0,0,0,0,0,0,0,0,0,0,0
541,0,0,0,0,0,0,0,0,0,0,0,0
542,0,0,0,0,0,0,0,0,0,0,0,0
543,0,0,0,0,0,0,0,0,0,0,0,0
544,0,0,0,0,0,0,0,0,0,0,0,0
545,0,0,0,0,0,0,0,0,0,0,0,0
546,0,0,0,0,0,0,0,0,0,0,0,0
547,0,0,0,0,0,0,0,0,0,0,0,0
548,0,0,0,0,0,0,0,0,0,0,0,0
549,0,0,0,0,0,0,0,0,0,0,0,0
550,0,0,0,0,0,0,0,0,0,0,0,0
551,0,0,0,0,0,0,0,0,0,0,0,0
552,0,0,0,0,0,0,0,0,0,0,0,0
553,0,0,0,0,0,0,0,0,0,0,0,0
554,0,0,0,0,0,0,0,0,0,0,0,0
555,0,0,0,0,0,0,0,0,0,0,0,0
556,0,0,0,0,0,0,0,0,0,0,0,0
557,0,0,0,0,0,0,0,0,0,0,0,0
558,0,0,0,0,0,0,0,0,0,0,0,0
559,0,0,0,0,0,0,0,0,0,0,0,0
560,0,0,0,0,0,0,0,0,0,0,0,0
561,0,0,0,0,0,0,0,0,0,0,0,0
562,0,0,0,0,0,0,0,0,0,0,0,0
563,0,0,0,0,0,0,0,0,0,0,0,0
564,0,0,0,0,0,0,0,0,0,0,0,0
565,0,0,0,0,0,0,0,0,0,0,0,0
566,0,0,0,0,0,0,0,0,0,0,0,0
567,0,0,0,0,0,0,0,0,0,0,0,0
568,0,0,0,0,0,0,0,0,0,0,0,0
569,0,0,0,0,0,0,0,0,0,0,0,0
570,0,0,0,0,0,0,0,0,0,0,0,0
571,0,0,0,0,0,0,0,0,0,0,0,0
572,0,0,0,0,0,0,0,0,0,0,0,0
573,0,0,0,0,0,0,0,0,0,0,0,0
574,0,0,0,0,0,0,0,0,0,0,0,0
575,0,0,0,0,0,0,0,0,0,0,0,0
576,0,0,0,0,0,0,0,0,0,0,0,0
