timestamp,sum_rt,ckt1_MW_bg276,ckt2_MW_bg276,ckt3_MW_bg276,ckt4_MW_bg276,ckt1_MW_a239,ckt2_MW_a239,ckt3_MW_a239,ckt4_MW_a239,ckt1_MW_a139,ckt2_MW_a139,ckt3_MW_a139,ckt4_MW_a139,da_sum,da_feeder,,,,,,,,,,,,
2016-02-06 00:00:00,23.894,2.811,1.842,2.181,1.325,1.868,3.018,1.726,2.684,1.197,1.218,2.124,1.9,23.32,2.69,1.70,2.12,1.70,1.89,2.96,1.71,2.66,1.17,1.27,2.02,2.02,1.82
2016-02-06 00:05:00,23.754,2.797,1.838,2.167,1.318,1.852,3.004,1.711,2.671,1.185,1.211,2.112,1.888,23.32,2.69,1.70,2.12,1.70,1.89,2.96,1.71,2.66,1.17,1.27,2.02,2.02,1.82
2016-02-06 00:10:00,23.62,2.783,1.835,2.153,1.31,1.837,2.992,1.699,2.658,1.173,1.204,2.1,1.876,23.32,2.69,1.70,2.12,1.70,1.89,2.96,1.71,2.66,1.17,1.27,2.02,2.02,1.82
2016-02-06 00:15:00,23.493,2.769,1.831,2.141,1.303,1.823,2.981,1.687,2.645,1.162,1.198,2.088,1.865,23.32,2.69,1.70,2.12,1.70,1.89,2.96,1.71,2.66,1.17,1.27,2.02,2.02,1.82
2016-02-06 00:20:00,23.373,2.756,1.826,2.128,1.296,1.81,2.972,1.677,2.633,1.152,1.192,2.077,1.854,23.32,2.69,1.70,2.12,1.70,1.89,2.96,1.71,2.66,1.17,1.27,2.02,2.02,1.82
2016-02-06 00:25:00,23.256,2.743,1.822,2.117,1.288,1.798,2.964,1.667,2.62,1.142,1.186,2.066,1.843,23.32,2.69,1.70,2.12,1.70,1.89,2.96,1.71,2.66,1.17,1.27,2.02,2.02,1.82
2016-02-06 00:30:00,23.149,2.731,1.818,2.105,1.282,1.787,2.957,1.659,2.608,1.133,1.181,2.055,1.833,23.32,2.69,1.70,2.12,1.70,1.89,2.96,1.71,2.66,1.17,1.27,2.02,2.02,1.82
2016-02-06 00:35:00,23.048,2.719,1.814,2.095,1.275,1.778,2.951,1.652,2.597,1.124,1.176,2.044,1.823,23.32,2.69,1.70,2.12,1.70,1.89,2.96,1.71,2.66,1.17,1.27,2.02,2.02,1.82
2016-02-06 00:40:00,22.952,2.709,1.809,2.084,1.268,1.769,2.946,1.645,2.586,1.116,1.172,2.034,1.814,23.32,2.69,1.70,2.12,1.70,1.89,2.96,1.71,2.66,1.17,1.27,2.02,2.02,1.82
2016-02-06 00:45:00,22.863,2.699,1.805,2.075,1.262,1.761,2.942,1.639,2.575,1.108,1.168,2.024,1.805,23.32,2.69,1.70,2.12,1.70,1.89,2.96,1.71,2.66,1.17,1.27,2.02,2.02,1.82
2016-02-06 00:50:00,22.779,2.69,1.801,2.065,1.256,1.753,2.939,1.634,2.565,1.101,1.164,2.014,1.797,23.32,2.69,1.70,2.12,1.70,1.89,2.96,1.71,2.66,1.17,1.27,2.02,2.02,1.82
2016-02-06 00:55:00,22.7,2.681,1.797,2.056,1.25,1.747,2.937,1.629,2.556,1.094,1.16,2.004,1.789,23.32,2.69,1.70,2.12,1.70,1.89,2.96,1.71,2.66,1.17,1.27,2.02,2.02,1.82
2016-02-06 01:00:00,22.628,2.674,1.794,2.047,1.245,1.741,2.935,1.624,2.548,1.087,1.156,1.995,1.782,22.66,2.61,1.65,2.06,1.65,1.84,2.88,1.66,2.59,1.13,1.23,1.96,1.96,1.77
2016-02-06 01:05:00,22.561,2.668,1.791,2.038,1.24,1.736,2.934,1.619,2.541,1.081,1.152,1.986,1.775,22.66,2.61,1.65,2.06,1.65,1.84,2.88,1.66,2.59,1.13,1.23,1.96,1.96,1.77
2016-02-06 01:10:00,22.498,2.662,1.788,2.03,1.235,1.731,2.933,1.615,2.534,1.075,1.149,1.977,1.769,22.66,2.61,1.65,2.06,1.65,1.84,2.88,1.66,2.59,1.13,1.23,1.96,1.96,1.77
2016-02-06 01:15:00,22.440,2.658,1.785,2.022,1.231,1.727,2.932,1.61,2.528,1.07,1.145,1.969,1.763,22.66,2.61,1.65,2.06,1.65,1.84,2.88,1.66,2.59,1.13,1.23,1.96,1.96,1.77
2016-02-06 01:20:00,22.388,2.654,1.783,2.014,1.227,1.723,2.931,1.606,2.523,1.065,1.142,1.962,1.758,22.66,2.61,1.65,2.06,1.65,1.84,2.88,1.66,2.59,1.13,1.23,1.96,1.96,1.77
2016-02-06 01:25:00,22.338,2.651,1.781,2.007,1.223,1.72,2.93,1.602,2.518,1.06,1.138,1.955,1.753,22.66,2.61,1.65,2.06,1.65,1.84,2.88,1.66,2.59,1.13,1.23,1.96,1.96,1.77
2016-02-06 01:30:00,22.292,2.648,1.779,2,1.22,1.716,2.929,1.597,2.514,1.056,1.135,1.949,1.749,22.66,2.61,1.65,2.06,1.65,1.84,2.88,1.66,2.59,1.13,1.23,1.96,1.96,1.77
2016-02-06 01:35:00,22.249,2.646,1.777,1.993,1.216,1.713,2.928,1.593,2.51,1.052,1.132,1.944,1.745,22.66,2.61,1.65,2.06,1.65,1.84,2.88,1.66,2.59,1.13,1.23,1.96,1.96,1.77
2016-02-06 01:40:00,22.208,2.644,1.775,1.986,1.213,1.71,2.926,1.589,2.507,1.048,1.129,1.94,1.741,22.66,2.61,1.65,2.06,1.65,1.84,2.88,1.66,2.59,1.13,1.23,1.96,1.96,1.77
2016-02-06 01:45:00,22.173,2.642,1.773,1.98,1.21,1.707,2.924,1.586,2.504,1.045,1.127,1.937,1.738,22.66,2.61,1.65,2.06,1.65,1.84,2.88,1.66,2.59,1.13,1.23,1.96,1.96,1.77
2016-02-06 01:50:00,22.136,2.64,1.771,1.974,1.207,1.704,2.92,1.582,2.501,1.042,1.124,1.936,1.735,22.66,2.61,1.65,2.06,1.65,1.84,2.88,1.66,2.59,1.13,1.23,1.96,1.96,1.77
2016-02-06 01:55:00,22.104,2.638,1.769,1.969,1.205,1.701,2.916,1.578,2.499,1.039,1.122,1.936,1.732,22.66,2.61,1.65,2.06,1.65,1.84,2.88,1.66,2.59,1.13,1.23,1.96,1.96,1.77
2016-02-06 02:00:00,22.073,2.636,1.767,1.964,1.202,1.698,2.911,1.575,2.496,1.037,1.12,1.937,1.73,22.42,2.58,1.64,2.04,1.64,1.82,2.85,1.64,2.56,1.12,1.22,1.94,1.94,1.75
2016-02-06 02:05:00,22.044,2.634,1.765,1.959,1.199,1.695,2.905,1.572,2.494,1.035,1.118,1.94,1.728,22.42,2.58,1.64,2.04,1.64,1.82,2.85,1.64,2.56,1.12,1.22,1.94,1.94,1.75
2016-02-06 02:10:00,22.014,2.631,1.763,1.955,1.197,1.691,2.897,1.569,2.491,1.033,1.117,1.944,1.726,22.42,2.58,1.64,2.04,1.64,1.82,2.85,1.64,2.56,1.12,1.22,1.94,1.94,1.75
2016-02-06 02:15:00,21.988,2.629,1.76,1.951,1.194,1.687,2.89,1.566,2.489,1.032,1.115,1.95,1.725,22.42,2.58,1.64,2.04,1.64,1.82,2.85,1.64,2.56,1.12,1.22,1.94,1.94,1.75
2016-02-06 02:20:00,21.965,2.626,1.758,1.948,1.192,1.683,2.882,1.563,2.487,1.031,1.114,1.957,1.724,22.42,2.58,1.64,2.04,1.64,1.82,2.85,1.64,2.56,1.12,1.22,1.94,1.94,1.75
2016-02-06 02:25:00,21.943,2.624,1.756,1.945,1.189,1.68,2.874,1.56,2.485,1.03,1.113,1.964,1.723,22.42,2.58,1.64,2.04,1.64,1.82,2.85,1.64,2.56,1.12,1.22,1.94,1.94,1.75
2016-02-06 02:30:00,21.923,2.622,1.754,1.942,1.187,1.676,2.866,1.557,2.483,1.029,1.113,1.972,1.722,22.42,2.58,1.64,2.04,1.64,1.82,2.85,1.64,2.56,1.12,1.22,1.94,1.94,1.75
2016-02-06 02:35:00,21.907,2.62,1.751,1.94,1.184,1.673,2.86,1.555,2.481,1.028,1.112,1.981,1.722,22.42,2.58,1.64,2.04,1.64,1.82,2.85,1.64,2.56,1.12,1.22,1.94,1.94,1.75
2016-02-06 02:40:00,21.896,2.618,1.749,1.939,1.182,1.67,2.855,1.553,2.48,1.028,1.112,1.989,1.721,22.42,2.58,1.64,2.04,1.64,1.82,2.85,1.64,2.56,1.12,1.22,1.94,1.94,1.75
2016-02-06 02:45:00,21.89,2.617,1.748,1.938,1.18,1.668,2.851,1.551,2.479,1.028,1.111,1.998,1.721,22.42,2.58,1.64,2.04,1.64,1.82,2.85,1.64,2.56,1.12,1.22,1.94,1.94,1.75
2016-02-06 02:50:00,21.883,2.616,1.746,1.937,1.177,1.666,2.849,1.549,2.478,1.027,1.111,2.006,1.721,22.42,2.58,1.64,2.04,1.64,1.82,2.85,1.64,2.56,1.12,1.22,1.94,1.94,1.75
2016-02-06 02:55:00,21.884,2.616,1.744,1.937,1.175,1.665,2.849,1.547,2.478,1.027,1.11,2.014,1.722,22.42,2.58,1.64,2.04,1.64,1.82,2.85,1.64,2.56,1.12,1.22,1.94,1.94,1.75
2016-02-06 03:00:00,21.890,2.616,1.743,1.938,1.173,1.664,2.852,1.546,2.478,1.027,1.11,2.021,1.722,22.42,2.58,1.64,2.04,1.64,1.82,2.85,1.64,2.56,1.12,1.22,1.94,1.94,1.75
2016-02-06 03:05:00,21.902,2.617,1.742,1.939,1.171,1.664,2.858,1.545,2.479,1.027,1.11,2.027,1.723,22.42,2.58,1.64,2.04,1.64,1.82,2.85,1.64,2.56,1.12,1.22,1.94,1.94,1.75
2016-02-06 03:10:00,21.917,2.619,1.741,1.941,1.169,1.665,2.866,1.544,2.48,1.027,1.109,2.033,1.723,22.42,2.58,1.64,2.04,1.64,1.82,2.85,1.64,2.56,1.12,1.22,1.94,1.94,1.75
2016-02-06 03:15:00,21.938,2.622,1.741,1.943,1.167,1.667,2.876,1.543,2.481,1.027,1.109,2.038,1.724,22.42,2.58,1.64,2.04,1.64,1.82,2.85,1.64,2.56,1.12,1.22,1.94,1.94,1.75
2016-02-06 03:20:00,21.962,2.625,1.741,1.945,1.166,1.668,2.888,1.543,2.483,1.026,1.109,2.043,1.725,22.42,2.58,1.64,2.04,1.64,1.82,2.85,1.64,2.56,1.12,1.22,1.94,1.94,1.75
2016-02-06 03:25:00,21.991,2.63,1.741,1.948,1.164,1.671,2.901,1.543,2.485,1.026,1.109,2.047,1.726,22.42,2.58,1.64,2.04,1.64,1.82,2.85,1.64,2.56,1.12,1.22,1.94,1.94,1.75
2016-02-06 03:30:00,22.026,2.635,1.741,1.952,1.163,1.674,2.915,1.544,2.488,1.026,1.109,2.052,1.727,22.42,2.58,1.64,2.04,1.64,1.82,2.85,1.64,2.56,1.12,1.22,1.94,1.94,1.75
2016-02-06 03:35:00,22.065,2.641,1.741,1.956,1.162,1.677,2.93,1.545,2.492,1.026,1.11,2.056,1.729,22.42,2.58,1.64,2.04,1.64,1.82,2.85,1.64,2.56,1.12,1.22,1.94,1.94,1.75
2016-02-06 03:40:00,22.102,2.647,1.742,1.96,1.161,1.68,2.945,1.546,2.495,1.026,1.11,2.06,1.73,22.42,2.58,1.64,2.04,1.64,1.82,2.85,1.64,2.56,1.12,1.22,1.94,1.94,1.75
2016-02-06 03:45:00,22.147,2.655,1.743,1.964,1.16,1.683,2.959,1.549,2.5,1.026,1.111,2.065,1.732,22.42,2.58,1.64,2.04,1.64,1.82,2.85,1.64,2.56,1.12,1.22,1.94,1.94,1.75
2016-02-06 03:50:00,22.194,2.664,1.744,1.969,1.16,1.686,2.973,1.551,2.505,1.026,1.112,2.07,1.734,22.42,2.58,1.64,2.04,1.64,1.82,2.85,1.64,2.56,1.12,1.22,1.94,1.94,1.75
2016-02-06 03:55:00,22.244,2.673,1.745,1.974,1.16,1.689,2.986,1.555,2.51,1.026,1.114,2.076,1.736,22.42,2.58,1.64,2.04,1.64,1.82,2.85,1.64,2.56,1.12,1.22,1.94,1.94,1.75
2016-02-06 04:00:00,22.296,2.683,1.747,1.979,1.16,1.692,2.997,1.559,2.516,1.026,1.116,2.083,1.738,22.76,2.62,1.66,2.07,1.66,1.85,2.89,1.67,2.60,1.14,1.24,1.97,1.97,1.78
2016-02-06 04:05:00,22.351,2.694,1.749,1.984,1.161,1.695,3.007,1.564,2.522,1.026,1.118,2.091,1.74,22.76,2.62,1.66,2.07,1.66,1.85,2.89,1.67,2.60,1.14,1.24,1.97,1.97,1.78
2016-02-06 04:10:00,22.409,2.706,1.751,1.99,1.162,1.697,3.015,1.57,2.529,1.026,1.121,2.099,1.743,22.76,2.62,1.66,2.07,1.66,1.85,2.89,1.67,2.60,1.14,1.24,1.97,1.97,1.78
2016-02-06 04:15:00,22.468,2.718,1.753,1.996,1.163,1.699,3.022,1.576,2.537,1.026,1.124,2.108,1.746,22.76,2.62,1.66,2.07,1.66,1.85,2.89,1.67,2.60,1.14,1.24,1.97,1.97,1.78
2016-02-06 04:20:00,22.531,2.731,1.755,2.002,1.165,1.701,3.028,1.582,2.545,1.027,1.128,2.118,1.749,22.76,2.62,1.66,2.07,1.66,1.85,2.89,1.67,2.60,1.14,1.24,1.97,1.97,1.78
2016-02-06 04:25:00,22.596,2.744,1.757,2.008,1.167,1.703,3.034,1.59,2.553,1.028,1.132,2.128,1.752,22.76,2.62,1.66,2.07,1.66,1.85,2.89,1.67,2.60,1.14,1.24,1.97,1.97,1.78
2016-02-06 04:30:00,22.666,2.757,1.759,2.015,1.169,1.706,3.041,1.597,2.562,1.029,1.136,2.139,1.756,22.76,2.62,1.66,2.07,1.66,1.85,2.89,1.67,2.60,1.14,1.24,1.97,1.97,1.78
2016-02-06 04:35:00,22.741,2.77,1.761,2.023,1.172,1.708,3.048,1.605,2.571,1.03,1.141,2.151,1.761,22.76,2.62,1.66,2.07,1.66,1.85,2.89,1.67,2.60,1.14,1.24,1.97,1.97,1.78
2016-02-06 04:40:00,22.814,2.782,1.762,2.03,1.175,1.711,3.056,1.613,2.58,1.031,1.146,2.162,1.766,22.76,2.62,1.66,2.07,1.66,1.85,2.89,1.67,2.60,1.14,1.24,1.97,1.97,1.78
2016-02-06 04:45:00,22.896,2.794,1.764,2.039,1.178,1.714,3.065,1.621,2.59,1.034,1.152,2.174,1.771,22.76,2.62,1.66,2.07,1.66,1.85,2.89,1.67,2.60,1.14,1.24,1.97,1.97,1.78
2016-02-06 04:50:00,22.979,2.806,1.765,2.047,1.181,1.717,3.077,1.629,2.601,1.036,1.157,2.186,1.777,22.76,2.62,1.66,2.07,1.66,1.85,2.89,1.67,2.60,1.14,1.24,1.97,1.97,1.78
2016-02-06 04:55:00,23.070,2.817,1.766,2.057,1.185,1.721,3.09,1.637,2.611,1.039,1.164,2.199,1.784,22.76,2.62,1.66,2.07,1.66,1.85,2.89,1.67,2.60,1.14,1.24,1.97,1.97,1.78
2016-02-06 05:00:00,23.165,2.827,1.766,2.067,1.189,1.726,3.107,1.645,2.622,1.043,1.17,2.211,1.792,24.02,2.77,1.75,2.19,1.75,1.95,3.05,1.76,2.74,1.20,1.31,2.08,2.08,1.88
2016-02-06 05:05:00,23.265,2.836,1.766,2.078,1.193,1.731,3.127,1.653,2.633,1.047,1.177,2.223,1.801,24.02,2.77,1.75,2.19,1.75,1.95,3.05,1.76,2.74,1.20,1.31,2.08,2.08,1.88
2016-02-06 05:10:00,23.369,2.844,1.766,2.089,1.198,1.737,3.149,1.66,2.645,1.052,1.184,2.235,1.81,24.02,2.77,1.75,2.19,1.75,1.95,3.05,1.76,2.74,1.20,1.31,2.08,2.08,1.88
2016-02-06 05:15:00,23.479,2.852,1.765,2.101,1.203,1.743,3.174,1.668,2.656,1.058,1.192,2.247,1.82,24.02,2.77,1.75,2.19,1.75,1.95,3.05,1.76,2.74,1.20,1.31,2.08,2.08,1.88
2016-02-06 05:20:00,23.59,2.859,1.765,2.113,1.208,1.75,3.201,1.675,2.668,1.063,1.199,2.259,1.83,24.02,2.77,1.75,2.19,1.75,1.95,3.05,1.76,2.74,1.20,1.31,2.08,2.08,1.88
2016-02-06 05:25:00,23.708,2.866,1.764,2.126,1.213,1.757,3.23,1.682,2.681,1.069,1.208,2.271,1.841,24.02,2.77,1.75,2.19,1.75,1.95,3.05,1.76,2.74,1.20,1.31,2.08,2.08,1.88
2016-02-06 05:30:00,23.828,2.873,1.763,2.139,1.219,1.765,3.26,1.688,2.693,1.076,1.216,2.283,1.853,24.02,2.77,1.75,2.19,1.75,1.95,3.05,1.76,2.74,1.20,1.31,2.08,2.08,1.88
2016-02-06 05:35:00,23.951,2.88,1.763,2.151,1.225,1.773,3.292,1.695,2.706,1.082,1.225,2.294,1.865,24.02,2.77,1.75,2.19,1.75,1.95,3.05,1.76,2.74,1.20,1.31,2.08,2.08,1.88
2016-02-06 05:40:00,24.078,2.888,1.763,2.164,1.232,1.781,3.325,1.701,2.719,1.089,1.234,2.305,1.877,24.02,2.77,1.75,2.19,1.75,1.95,3.05,1.76,2.74,1.20,1.31,2.08,2.08,1.88
2016-02-06 05:45:00,24.206,2.896,1.764,2.177,1.239,1.789,3.358,1.707,2.732,1.095,1.244,2.315,1.89,24.02,2.77,1.75,2.19,1.75,1.95,3.05,1.76,2.74,1.20,1.31,2.08,2.08,1.88
2016-02-06 05:50:00,24.34,2.906,1.765,2.19,1.246,1.798,3.392,1.713,2.745,1.102,1.254,2.326,1.903,24.02,2.77,1.75,2.19,1.75,1.95,3.05,1.76,2.74,1.20,1.31,2.08,2.08,1.88
2016-02-06 05:55:00,24.473,2.916,1.767,2.202,1.254,1.806,3.426,1.719,2.759,1.108,1.264,2.336,1.916,24.02,2.77,1.75,2.19,1.75,1.95,3.05,1.76,2.74,1.20,1.31,2.08,2.08,1.88
2016-02-06 06:00:00,24.61,2.928,1.77,2.214,1.263,1.815,3.459,1.725,2.773,1.114,1.275,2.345,1.929,26.14,3.01,1.91,2.38,1.91,2.12,3.32,1.92,2.99,1.31,1.42,2.26,2.26,2.04
2016-02-06 06:05:00,24.749,2.941,1.774,2.226,1.272,1.824,3.492,1.731,2.787,1.12,1.286,2.354,1.942,26.14,3.01,1.91,2.38,1.91,2.12,3.32,1.92,2.99,1.31,1.42,2.26,2.26,2.04
2016-02-06 06:10:00,24.886,2.956,1.778,2.237,1.282,1.832,3.524,1.736,2.801,1.125,1.297,2.363,1.955,26.14,3.01,1.91,2.38,1.91,2.12,3.32,1.92,2.99,1.31,1.42,2.26,2.26,2.04
2016-02-06 06:15:00,25.029,2.972,1.784,2.248,1.292,1.841,3.556,1.742,2.816,1.13,1.309,2.371,1.968,26.14,3.01,1.91,2.38,1.91,2.12,3.32,1.92,2.99,1.31,1.42,2.26,2.26,2.04
2016-02-06 06:20:00,25.172,2.989,1.79,2.259,1.302,1.85,3.587,1.748,2.83,1.135,1.321,2.38,1.981,26.14,3.01,1.91,2.38,1.91,2.12,3.32,1.92,2.99,1.31,1.42,2.26,2.26,2.04
2016-02-06 06:25:00,25.32,3.007,1.797,2.271,1.313,1.86,3.618,1.754,2.845,1.14,1.333,2.388,1.994,26.14,3.01,1.91,2.38,1.91,2.12,3.32,1.92,2.99,1.31,1.42,2.26,2.26,2.04
2016-02-06 06:30:00,25.468,3.026,1.804,2.283,1.324,1.871,3.649,1.76,2.86,1.144,1.344,2.397,2.006,26.14,3.01,1.91,2.38,1.91,2.12,3.32,1.92,2.99,1.31,1.42,2.26,2.26,2.04
2016-02-06 06:35:00,25.622,3.045,1.812,2.295,1.336,1.882,3.68,1.768,2.875,1.149,1.356,2.406,2.018,26.14,3.01,1.91,2.38,1.91,2.12,3.32,1.92,2.99,1.31,1.42,2.26,2.26,2.04
2016-02-06 06:40:00,25.778,3.065,1.821,2.309,1.348,1.895,3.71,1.776,2.889,1.153,1.367,2.415,2.03,26.14,3.01,1.91,2.38,1.91,2.12,3.32,1.92,2.99,1.31,1.42,2.26,2.26,2.04
2016-02-06 06:45:00,25.937,3.084,1.83,2.323,1.36,1.908,3.741,1.784,2.904,1.157,1.379,2.425,2.042,26.14,3.01,1.91,2.38,1.91,2.12,3.32,1.92,2.99,1.31,1.42,2.26,2.26,2.04
2016-02-06 06:50:00,26.103,3.104,1.84,2.339,1.373,1.923,3.772,1.794,2.918,1.161,1.39,2.436,2.053,26.14,3.01,1.91,2.38,1.91,2.12,3.32,1.92,2.99,1.31,1.42,2.26,2.26,2.04
2016-02-06 06:55:00,26.272,3.123,1.85,2.356,1.386,1.94,3.803,1.805,2.933,1.165,1.4,2.447,2.064,26.14,3.01,1.91,2.38,1.91,2.12,3.32,1.92,2.99,1.31,1.42,2.26,2.26,2.04
2016-02-06 07:00:00,26.445,3.142,1.86,2.375,1.399,1.958,3.834,1.817,2.947,1.169,1.41,2.46,2.074,27.08,3.12,1.98,2.47,1.98,2.20,3.44,1.98,3.09,1.36,1.48,2.34,2.34,2.12
2016-02-06 07:05:00,26.623,3.16,1.871,2.395,1.412,1.978,3.866,1.83,2.961,1.173,1.419,2.474,2.084,27.08,3.12,1.98,2.47,1.98,2.20,3.44,1.98,3.09,1.36,1.48,2.34,2.34,2.12
2016-02-06 07:10:00,26.804,3.178,1.881,2.417,1.426,1.999,3.897,1.845,2.975,1.177,1.428,2.488,2.093,27.08,3.12,1.98,2.47,1.98,2.20,3.44,1.98,3.09,1.36,1.48,2.34,2.34,2.12
2016-02-06 07:15:00,26.988,3.195,1.892,2.44,1.439,2.021,3.929,1.86,2.989,1.181,1.437,2.503,2.102,27.08,3.12,1.98,2.47,1.98,2.20,3.44,1.98,3.09,1.36,1.48,2.34,2.34,2.12
2016-02-06 07:20:00,27.173,3.212,1.903,2.464,1.453,2.044,3.96,1.876,3.002,1.185,1.445,2.518,2.111,27.08,3.12,1.98,2.47,1.98,2.20,3.44,1.98,3.09,1.36,1.48,2.34,2.34,2.12
2016-02-06 07:25:00,27.361,3.227,1.915,2.488,1.467,2.068,3.991,1.893,3.016,1.19,1.453,2.534,2.119,27.08,3.12,1.98,2.47,1.98,2.20,3.44,1.98,3.09,1.36,1.48,2.34,2.34,2.12
2016-02-06 07:30:00,27.54,3.242,1.926,2.512,1.48,2.091,4.02,1.909,3.029,1.194,1.461,2.55,2.126,27.08,3.12,1.98,2.47,1.98,2.20,3.44,1.98,3.09,1.36,1.48,2.34,2.34,2.12
2016-02-06 07:35:00,27.724,3.257,1.938,2.537,1.494,2.114,4.048,1.926,3.043,1.199,1.469,2.565,2.134,27.08,3.12,1.98,2.47,1.98,2.20,3.44,1.98,3.09,1.36,1.48,2.34,2.34,2.12
2016-02-06 07:40:00,27.898,3.27,1.949,2.56,1.508,2.136,4.075,1.942,3.056,1.204,1.477,2.58,2.141,27.08,3.12,1.98,2.47,1.98,2.20,3.44,1.98,3.09,1.36,1.48,2.34,2.34,2.12
2016-02-06 07:45:00,28.069,3.283,1.961,2.583,1.522,2.157,4.1,1.958,3.07,1.209,1.485,2.594,2.147,27.08,3.12,1.98,2.47,1.98,2.20,3.44,1.98,3.09,1.36,1.48,2.34,2.34,2.12
2016-02-06 07:50:00,28.231,3.295,1.973,2.604,1.536,2.176,4.123,1.973,3.083,1.215,1.493,2.607,2.153,27.08,3.12,1.98,2.47,1.98,2.20,3.44,1.98,3.09,1.36,1.48,2.34,2.34,2.12
2016-02-06 07:55:00,28.387,3.307,1.985,2.624,1.549,2.194,4.143,1.988,3.096,1.221,1.502,2.619,2.159,27.08,3.12,1.98,2.47,1.98,2.20,3.44,1.98,3.09,1.36,1.48,2.34,2.34,2.12
2016-02-06 08:00:00,28.532,3.317,1.997,2.642,1.563,2.209,4.161,2.001,3.11,1.227,1.511,2.629,2.165,27.2,3.14,1.99,2.48,1.99,2.21,3.45,1.99,3.11,1.36,1.48,2.35,2.35,2.13
2016-02-06 08:05:00,28.668,3.327,2.009,2.658,1.576,2.222,4.176,2.013,3.124,1.234,1.521,2.638,2.17,27.2,3.14,1.99,2.48,1.99,2.21,3.45,1.99,3.11,1.36,1.48,2.35,2.35,2.13
2016-02-06 08:10:00,28.792,3.335,2.021,2.672,1.59,2.232,4.188,2.024,3.137,1.241,1.531,2.645,2.176,27.2,3.14,1.99,2.48,1.99,2.21,3.45,1.99,3.11,1.36,1.48,2.35,2.35,2.13
2016-02-06 08:15:00,28.906,3.343,2.033,2.684,1.603,2.24,4.199,2.033,3.151,1.248,1.541,2.651,2.18,27.2,3.14,1.99,2.48,1.99,2.21,3.45,1.99,3.11,1.36,1.48,2.35,2.35,2.13
2016-02-06 08:20:00,29.011,3.35,2.044,2.694,1.615,2.246,4.207,2.042,3.165,1.255,1.552,2.656,2.185,27.2,3.14,1.99,2.48,1.99,2.21,3.45,1.99,3.11,1.36,1.48,2.35,2.35,2.13
2016-02-06 08:25:00,29.111,3.357,2.056,2.703,1.628,2.251,4.213,2.05,3.179,1.262,1.563,2.66,2.189,27.2,3.14,1.99,2.48,1.99,2.21,3.45,1.99,3.11,1.36,1.48,2.35,2.35,2.13
2016-02-06 08:30:00,29.199,3.362,2.067,2.71,1.639,2.254,4.218,2.058,3.193,1.268,1.574,2.663,2.193,27.2,3.14,1.99,2.48,1.99,2.21,3.45,1.99,3.11,1.36,1.48,2.35,2.35,2.13
2016-02-06 08:35:00,29.283,3.367,2.078,2.716,1.651,2.256,4.222,2.065,3.207,1.275,1.585,2.665,2.196,27.2,3.14,1.99,2.48,1.99,2.21,3.45,1.99,3.11,1.36,1.48,2.35,2.35,2.13
2016-02-06 08:40:00,29.361,3.371,2.089,2.721,1.661,2.258,4.225,2.072,3.221,1.281,1.595,2.667,2.2,27.2,3.14,1.99,2.48,1.99,2.21,3.45,1.99,3.11,1.36,1.48,2.35,2.35,2.13
2016-02-06 08:45:00,29.432,3.375,2.099,2.725,1.671,2.259,4.228,2.078,3.235,1.286,1.606,2.668,2.202,27.2,3.14,1.99,2.48,1.99,2.21,3.45,1.99,3.11,1.36,1.48,2.35,2.35,2.13
2016-02-06 08:50:00,29.497,3.377,2.108,2.728,1.68,2.259,4.23,2.085,3.249,1.291,1.616,2.669,2.205,27.2,3.14,1.99,2.48,1.99,2.21,3.45,1.99,3.11,1.36,1.48,2.35,2.35,2.13
2016-02-06 08:55:00,29.559,3.379,2.117,2.731,1.689,2.259,4.233,2.092,3.262,1.294,1.626,2.67,2.207,27.2,3.14,1.99,2.48,1.99,2.21,3.45,1.99,3.11,1.36,1.48,2.35,2.35,2.13
2016-02-06 09:00:00,29.619,3.38,2.126,2.733,1.696,2.26,4.236,2.1,3.276,1.297,1.636,2.671,2.208,27.16,3.13,1.98,2.47,1.98,2.20,3.45,1.99,3.10,1.36,1.48,2.35,2.35,2.12
2016-02-06 09:05:00,29.676,3.38,2.134,2.735,1.703,2.261,4.24,2.108,3.29,1.299,1.645,2.672,2.209,27.16,3.13,1.98,2.47,1.98,2.20,3.45,1.99,3.10,1.36,1.48,2.35,2.35,2.12
2016-02-06 09:10:00,29.728,3.38,2.141,2.737,1.708,2.262,4.244,2.116,3.303,1.299,1.654,2.674,2.21,27.16,3.13,1.98,2.47,1.98,2.20,3.45,1.99,3.10,1.36,1.48,2.35,2.35,2.12
2016-02-06 09:15:00,29.777,3.379,2.148,2.738,1.713,2.264,4.248,2.125,3.316,1.299,1.662,2.675,2.21,27.16,3.13,1.98,2.47,1.98,2.20,3.45,1.99,3.10,1.36,1.48,2.35,2.35,2.12
2016-02-06 09:20:00,29.821,3.378,2.154,2.739,1.717,2.266,4.253,2.133,3.329,1.298,1.669,2.676,2.209,27.16,3.13,1.98,2.47,1.98,2.20,3.45,1.99,3.10,1.36,1.48,2.35,2.35,2.12
2016-02-06 09:25:00,29.86,3.377,2.159,2.74,1.72,2.268,4.258,2.14,3.341,1.297,1.676,2.676,2.208,27.16,3.13,1.98,2.47,1.98,2.20,3.45,1.99,3.10,1.36,1.48,2.35,2.35,2.12
2016-02-06 09:30:00,29.896,3.375,2.164,2.74,1.723,2.27,4.263,2.147,3.353,1.295,1.683,2.676,2.207,27.16,3.13,1.98,2.47,1.98,2.20,3.45,1.99,3.10,1.36,1.48,2.35,2.35,2.12
2016-02-06 09:35:00,29.924,3.373,2.168,2.74,1.725,2.272,4.268,2.152,3.364,1.293,1.689,2.675,2.205,27.16,3.13,1.98,2.47,1.98,2.20,3.45,1.99,3.10,1.36,1.48,2.35,2.35,2.12
2016-02-06 09:40:00,29.949,3.37,2.171,2.74,1.727,2.275,4.272,2.156,3.375,1.291,1.696,2.673,2.203,27.16,3.13,1.98,2.47,1.98,2.20,3.45,1.99,3.10,1.36,1.48,2.35,2.35,2.12
2016-02-06 09:45:00,29.966,3.368,2.174,2.739,1.729,2.277,4.276,2.159,3.385,1.288,1.701,2.67,2.2,27.16,3.13,1.98,2.47,1.98,2.20,3.45,1.99,3.10,1.36,1.48,2.35,2.35,2.12
2016-02-06 09:50:00,29.972,3.365,2.175,2.737,1.73,2.278,4.279,2.159,3.394,1.286,1.707,2.666,2.196,27.16,3.13,1.98,2.47,1.98,2.20,3.45,1.99,3.10,1.36,1.48,2.35,2.35,2.12
2016-02-06 09:55:00,29.973,3.363,2.177,2.735,1.73,2.28,4.281,2.157,3.402,1.284,1.712,2.66,2.192,27.16,3.13,1.98,2.47,1.98,2.20,3.45,1.99,3.10,1.36,1.48,2.35,2.35,2.12
2016-02-06 10:00:00,29.966,3.361,2.177,2.733,1.731,2.281,4.282,2.153,3.409,1.282,1.717,2.652,2.188,26.6,3.07,1.94,2.42,1.94,2.16,3.38,1.95,3.04,1.33,1.45,2.30,2.30,2.08
2016-02-06 10:05:00,29.95,3.359,2.177,2.73,1.731,2.282,4.282,2.146,3.415,1.281,1.722,2.642,2.183,26.6,3.07,1.94,2.42,1.94,2.16,3.38,1.95,3.04,1.33,1.45,2.30,2.30,2.08
2016-02-06 10:10:00,29.927,3.357,2.176,2.727,1.732,2.282,4.281,2.137,3.42,1.28,1.726,2.631,2.178,26.6,3.07,1.94,2.42,1.94,2.16,3.38,1.95,3.04,1.33,1.45,2.30,2.30,2.08
2016-02-06 10:15:00,29.899,3.356,2.175,2.723,1.732,2.282,4.279,2.126,3.425,1.279,1.731,2.619,2.172,26.6,3.07,1.94,2.42,1.94,2.16,3.38,1.95,3.04,1.33,1.45,2.30,2.30,2.08
2016-02-06 10:20:00,29.860,3.354,2.173,2.719,1.732,2.281,4.275,2.113,3.428,1.279,1.735,2.605,2.166,26.6,3.07,1.94,2.42,1.94,2.16,3.38,1.95,3.04,1.33,1.45,2.30,2.30,2.08
2016-02-06 10:25:00,29.819,3.352,2.171,2.714,1.732,2.281,4.27,2.1,3.431,1.278,1.739,2.591,2.16,26.6,3.07,1.94,2.42,1.94,2.16,3.38,1.95,3.04,1.33,1.45,2.30,2.30,2.08
2016-02-06 10:30:00,29.775,3.351,2.169,2.709,1.732,2.279,4.263,2.087,3.434,1.278,1.743,2.576,2.154,26.6,3.07,1.94,2.42,1.94,2.16,3.38,1.95,3.04,1.33,1.45,2.30,2.30,2.08
2016-02-06 10:35:00,29.725,3.348,2.167,2.704,1.731,2.278,4.255,2.074,3.436,1.278,1.747,2.56,2.147,26.6,3.07,1.94,2.42,1.94,2.16,3.38,1.95,3.04,1.33,1.45,2.30,2.30,2.08
2016-02-06 10:40:00,29.673,3.346,2.165,2.699,1.73,2.276,4.245,2.061,3.437,1.278,1.75,2.545,2.141,26.6,3.07,1.94,2.42,1.94,2.16,3.38,1.95,3.04,1.33,1.45,2.30,2.30,2.08
2016-02-06 10:45:00,29.624,3.344,2.164,2.694,1.73,2.273,4.234,2.05,3.439,1.277,1.754,2.53,2.135,26.6,3.07,1.94,2.42,1.94,2.16,3.38,1.95,3.04,1.33,1.45,2.30,2.30,2.08
2016-02-06 10:50:00,29.572,3.341,2.163,2.688,1.729,2.271,4.221,2.041,3.44,1.277,1.757,2.515,2.129,26.6,3.07,1.94,2.42,1.94,2.16,3.38,1.95,3.04,1.33,1.45,2.30,2.30,2.08
2016-02-06 10:55:00,29.519,3.337,2.163,2.683,1.727,2.267,4.206,2.034,3.442,1.275,1.76,2.501,2.124,26.6,3.07,1.94,2.42,1.94,2.16,3.38,1.95,3.04,1.33,1.45,2.30,2.30,2.08
2016-02-06 11:00:00,29.470,3.333,2.163,2.677,1.726,2.264,4.19,2.03,3.443,1.274,1.763,2.488,2.119,26.08,3.01,1.90,2.38,1.90,2.12,3.31,1.91,2.98,1.31,1.42,2.26,2.26,2.04
2016-02-06 11:05:00,29.421,3.328,2.164,2.671,1.724,2.26,4.172,2.029,3.445,1.272,1.766,2.476,2.114,26.08,3.01,1.90,2.38,1.90,2.12,3.31,1.91,2.98,1.31,1.42,2.26,2.26,2.04
2016-02-06 11:10:00,29.377,3.323,2.166,2.666,1.723,2.256,4.152,2.031,3.446,1.27,1.768,2.466,2.11,26.08,3.01,1.90,2.38,1.90,2.12,3.31,1.91,2.98,1.31,1.42,2.26,2.26,2.04
2016-02-06 11:15:00,29.332,3.317,2.169,2.66,1.721,2.252,4.131,2.035,3.448,1.267,1.77,2.456,2.106,26.08,3.01,1.90,2.38,1.90,2.12,3.31,1.91,2.98,1.31,1.42,2.26,2.26,2.04
2016-02-06 11:20:00,29.287,3.311,2.172,2.655,1.719,2.247,4.108,2.04,3.45,1.264,1.772,2.446,2.103,26.08,3.01,1.90,2.38,1.90,2.12,3.31,1.91,2.98,1.31,1.42,2.26,2.26,2.04
2016-02-06 11:25:00,29.245,3.305,2.176,2.649,1.718,2.243,4.085,2.047,3.451,1.261,1.774,2.437,2.099,26.08,3.01,1.90,2.38,1.90,2.12,3.31,1.91,2.98,1.31,1.42,2.26,2.26,2.04
2016-02-06 11:30:00,29.202,3.299,2.181,2.642,1.717,2.238,4.061,2.054,3.452,1.259,1.775,2.428,2.096,26.08,3.01,1.90,2.38,1.90,2.12,3.31,1.91,2.98,1.31,1.42,2.26,2.26,2.04
2016-02-06 11:35:00,29.158,3.292,2.186,2.636,1.717,2.233,4.036,2.062,3.453,1.256,1.775,2.419,2.093,26.08,3.01,1.90,2.38,1.90,2.12,3.31,1.91,2.98,1.31,1.42,2.26,2.26,2.04
2016-02-06 11:40:00,29.108,3.285,2.191,2.628,1.717,2.228,4.012,2.068,3.453,1.253,1.775,2.409,2.089,26.08,3.01,1.90,2.38,1.90,2.12,3.31,1.91,2.98,1.31,1.42,2.26,2.26,2.04
2016-02-06 11:45:00,29.060,3.279,2.197,2.621,1.717,2.222,3.987,2.074,3.453,1.251,1.774,2.399,2.086,26.08,3.01,1.90,2.38,1.90,2.12,3.31,1.91,2.98,1.31,1.42,2.26,2.26,2.04
2016-02-06 11:50:00,29.008,3.272,2.204,2.613,1.719,2.217,3.963,2.078,3.451,1.25,1.772,2.387,2.082,26.08,3.01,1.90,2.38,1.90,2.12,3.31,1.91,2.98,1.31,1.42,2.26,2.26,2.04
2016-02-06 11:55:00,28.952,3.266,2.21,2.604,1.721,2.212,3.939,2.08,3.449,1.248,1.77,2.375,2.078,26.08,3.01,1.90,2.38,1.90,2.12,3.31,1.91,2.98,1.31,1.42,2.26,2.26,2.04
2016-02-06 12:00:00,28.892,3.26,2.217,2.594,1.725,2.207,3.916,2.079,3.446,1.248,1.766,2.361,2.073,25.36,2.92,1.85,2.31,1.85,2.06,3.22,1.86,2.90,1.27,1.38,2.19,2.19,1.98
2016-02-06 12:05:00,28.828,3.254,2.224,2.584,1.73,2.202,3.894,2.075,3.442,1.248,1.762,2.345,2.068,25.36,2.92,1.85,2.31,1.85,2.06,3.22,1.86,2.90,1.27,1.38,2.19,2.19,1.98
2016-02-06 12:10:00,28.760,3.249,2.231,2.573,1.735,2.197,3.873,2.068,3.437,1.249,1.756,2.329,2.063,25.36,2.92,1.85,2.31,1.85,2.06,3.22,1.86,2.90,1.27,1.38,2.19,2.19,1.98
2016-02-06 12:15:00,28.689,3.245,2.238,2.561,1.741,2.192,3.853,2.059,3.431,1.251,1.75,2.311,2.057,25.36,2.92,1.85,2.31,1.85,2.06,3.22,1.86,2.90,1.27,1.38,2.19,2.19,1.98
2016-02-06 12:20:00,28.62,3.241,2.245,2.55,1.748,2.187,3.835,2.048,3.424,1.253,1.744,2.294,2.051,25.36,2.92,1.85,2.31,1.85,2.06,3.22,1.86,2.90,1.27,1.38,2.19,2.19,1.98
2016-02-06 12:25:00,28.550,3.237,2.252,2.539,1.754,2.183,3.818,2.035,3.417,1.255,1.738,2.276,2.046,25.36,2.92,1.85,2.31,1.85,2.06,3.22,1.86,2.90,1.27,1.38,2.19,2.19,1.98
2016-02-06 12:30:00,28.483,3.235,2.258,2.528,1.761,2.178,3.803,2.022,3.41,1.257,1.731,2.259,2.041,25.36,2.92,1.85,2.31,1.85,2.06,3.22,1.86,2.90,1.27,1.38,2.19,2.19,1.98
2016-02-06 12:35:00,28.420,3.233,2.264,2.518,1.767,2.174,3.789,2.009,3.403,1.26,1.724,2.243,2.036,25.36,2.92,1.85,2.31,1.85,2.06,3.22,1.86,2.90,1.27,1.38,2.19,2.19,1.98
2016-02-06 12:40:00,28.362,3.232,2.27,2.508,1.773,2.169,3.777,1.995,3.396,1.262,1.718,2.229,2.033,25.36,2.92,1.85,2.31,1.85,2.06,3.22,1.86,2.90,1.27,1.38,2.19,2.19,1.98
2016-02-06 12:45:00,28.309,3.231,2.274,2.5,1.777,2.165,3.767,1.982,3.389,1.265,1.712,2.217,2.03,25.36,2.92,1.85,2.31,1.85,2.06,3.22,1.86,2.90,1.27,1.38,2.19,2.19,1.98
2016-02-06 12:50:00,28.268,3.232,2.278,2.493,1.781,2.161,3.759,1.971,3.383,1.267,1.707,2.208,2.028,25.36,2.92,1.85,2.31,1.85,2.06,3.22,1.86,2.90,1.27,1.38,2.19,2.19,1.98
2016-02-06 12:55:00,28.233,3.233,2.281,2.488,1.783,2.158,3.753,1.961,3.377,1.269,1.702,2.201,2.027,25.36,2.92,1.85,2.31,1.85,2.06,3.22,1.86,2.90,1.27,1.38,2.19,2.19,1.98
2016-02-06 13:00:00,28.209,3.236,2.283,2.484,1.783,2.154,3.749,1.953,3.372,1.27,1.699,2.198,2.028,25.04,2.89,1.83,2.28,1.83,2.03,3.18,1.84,2.86,1.25,1.36,2.17,2.17,1.96
2016-02-06 13:05:00,28.198,3.24,2.284,2.482,1.781,2.151,3.747,1.948,3.368,1.271,1.697,2.199,2.03,25.04,2.89,1.83,2.28,1.83,2.03,3.18,1.84,2.86,1.25,1.36,2.17,2.17,1.96
2016-02-06 13:10:00,28.196,3.244,2.284,2.482,1.778,2.147,3.748,1.945,3.365,1.271,1.695,2.203,2.034,25.04,2.89,1.83,2.28,1.83,2.03,3.18,1.84,2.86,1.25,1.36,2.17,2.17,1.96
2016-02-06 13:15:00,28.202,3.249,2.282,2.484,1.774,2.144,3.75,1.943,3.362,1.271,1.695,2.21,2.038,25.04,2.89,1.83,2.28,1.83,2.03,3.18,1.84,2.86,1.25,1.36,2.17,2.17,1.96
2016-02-06 13:20:00,28.218,3.255,2.281,2.486,1.768,2.141,3.754,1.944,3.36,1.271,1.695,2.219,2.044,25.04,2.89,1.83,2.28,1.83,2.03,3.18,1.84,2.86,1.25,1.36,2.17,2.17,1.96
2016-02-06 13:25:00,28.238,3.261,2.278,2.49,1.761,2.139,3.759,1.946,3.359,1.27,1.695,2.231,2.049,25.04,2.89,1.83,2.28,1.83,2.03,3.18,1.84,2.86,1.25,1.36,2.17,2.17,1.96
2016-02-06 13:30:00,28.261,3.267,2.275,2.494,1.753,2.136,3.766,1.949,3.357,1.269,1.696,2.244,2.055,25.04,2.89,1.83,2.28,1.83,2.03,3.18,1.84,2.86,1.25,1.36,2.17,2.17,1.96
2016-02-06 13:35:00,28.288,3.274,2.272,2.498,1.745,2.134,3.772,1.953,3.356,1.268,1.696,2.258,2.062,25.04,2.89,1.83,2.28,1.83,2.03,3.18,1.84,2.86,1.25,1.36,2.17,2.17,1.96
2016-02-06 13:40:00,28.313,3.28,2.268,2.502,1.736,2.132,3.78,1.957,3.355,1.267,1.697,2.272,2.067,25.04,2.89,1.83,2.28,1.83,2.03,3.18,1.84,2.86,1.25,1.36,2.17,2.17,1.96
2016-02-06 13:45:00,28.338,3.286,2.264,2.506,1.728,2.131,3.787,1.961,3.354,1.266,1.697,2.286,2.072,25.04,2.89,1.83,2.28,1.83,2.03,3.18,1.84,2.86,1.25,1.36,2.17,2.17,1.96
2016-02-06 13:50:00,28.361,3.291,2.261,2.509,1.719,2.129,3.795,1.965,3.353,1.266,1.696,2.3,2.077,25.04,2.89,1.83,2.28,1.83,2.03,3.18,1.84,2.86,1.25,1.36,2.17,2.17,1.96
2016-02-06 13:55:00,28.377,3.295,2.257,2.511,1.711,2.128,3.802,1.968,3.352,1.265,1.695,2.313,2.08,25.04,2.89,1.83,2.28,1.83,2.03,3.18,1.84,2.86,1.25,1.36,2.17,2.17,1.96
2016-02-06 14:00:00,28.389,3.299,2.254,2.512,1.704,2.127,3.808,1.971,3.35,1.265,1.693,2.324,2.082,25.18,2.90,1.84,2.29,1.84,2.04,3.20,1.85,2.88,1.26,1.37,2.18,2.18,1.97
2016-02-06 14:05:00,28.391,3.302,2.251,2.511,1.697,2.126,3.814,1.972,3.348,1.265,1.69,2.333,2.082,25.18,2.90,1.84,2.29,1.84,2.04,3.20,1.85,2.88,1.26,1.37,2.18,2.18,1.97
2016-02-06 14:10:00,28.391,3.304,2.249,2.51,1.692,2.126,3.818,1.973,3.345,1.266,1.686,2.341,2.081,25.18,2.90,1.84,2.29,1.84,2.04,3.20,1.85,2.88,1.26,1.37,2.18,2.18,1.97
2016-02-06 14:15:00,28.381,3.305,2.246,2.507,1.687,2.126,3.822,1.973,3.342,1.266,1.681,2.347,2.079,25.18,2.90,1.84,2.29,1.84,2.04,3.20,1.85,2.88,1.26,1.37,2.18,2.18,1.97
2016-02-06 14:20:00,28.370,3.306,2.245,2.504,1.682,2.126,3.825,1.972,3.339,1.267,1.675,2.352,2.077,25.18,2.90,1.84,2.29,1.84,2.04,3.20,1.85,2.88,1.26,1.37,2.18,2.18,1.97
2016-02-06 14:25:00,28.357,3.307,2.243,2.501,1.678,2.127,3.827,1.971,3.336,1.269,1.669,2.356,2.073,25.18,2.90,1.84,2.29,1.84,2.04,3.20,1.85,2.88,1.26,1.37,2.18,2.18,1.97
2016-02-06 14:30:00,28.344,3.309,2.241,2.498,1.675,2.127,3.829,1.969,3.333,1.27,1.663,2.36,2.07,25.18,2.90,1.84,2.29,1.84,2.04,3.20,1.85,2.88,1.26,1.37,2.18,2.18,1.97
2016-02-06 14:35:00,28.333,3.311,2.24,2.495,1.672,2.128,3.829,1.968,3.331,1.271,1.658,2.364,2.066,25.18,2.90,1.84,2.29,1.84,2.04,3.20,1.85,2.88,1.26,1.37,2.18,2.18,1.97
2016-02-06 14:40:00,28.326,3.313,2.239,2.494,1.67,2.13,3.829,1.967,3.329,1.273,1.652,2.367,2.063,25.18,2.90,1.84,2.29,1.84,2.04,3.20,1.85,2.88,1.26,1.37,2.18,2.18,1.97
2016-02-06 14:45:00,28.322,3.317,2.238,2.494,1.668,2.131,3.827,1.966,3.328,1.274,1.647,2.371,2.061,25.18,2.90,1.84,2.29,1.84,2.04,3.20,1.85,2.88,1.26,1.37,2.18,2.18,1.97
2016-02-06 14:50:00,28.327,3.323,2.237,2.495,1.666,2.133,3.825,1.966,3.328,1.276,1.643,2.376,2.059,25.18,2.90,1.84,2.29,1.84,2.04,3.20,1.85,2.88,1.26,1.37,2.18,2.18,1.97
2016-02-06 14:55:00,28.339,3.33,2.236,2.498,1.664,2.136,3.823,1.966,3.329,1.278,1.639,2.381,2.059,25.18,2.90,1.84,2.29,1.84,2.04,3.20,1.85,2.88,1.26,1.37,2.18,2.18,1.97
2016-02-06 15:00:00,28.361,3.339,2.235,2.504,1.663,2.138,3.819,1.968,3.331,1.279,1.637,2.388,2.06,25.68,2.96,1.88,2.34,1.88,2.08,3.26,1.88,2.93,1.29,1.40,2.22,2.22,2.01
2016-02-06 15:05:00,28.394,3.35,2.234,2.512,1.662,2.141,3.815,1.971,3.334,1.28,1.636,2.396,2.063,25.68,2.96,1.88,2.34,1.88,2.08,3.26,1.88,2.93,1.29,1.40,2.22,2.22,2.01
2016-02-06 15:10:00,28.440,3.364,2.233,2.523,1.661,2.144,3.81,1.975,3.339,1.282,1.636,2.406,2.067,25.68,2.96,1.88,2.34,1.88,2.08,3.26,1.88,2.93,1.29,1.40,2.22,2.22,2.01
2016-02-06 15:15:00,28.497,3.379,2.232,2.536,1.66,2.148,3.805,1.981,3.345,1.283,1.637,2.417,2.074,25.68,2.96,1.88,2.34,1.88,2.08,3.26,1.88,2.93,1.29,1.40,2.22,2.22,2.01
2016-02-06 15:20:00,28.572,3.398,2.231,2.552,1.66,2.154,3.8,1.988,3.352,1.286,1.639,2.43,2.082,25.68,2.96,1.88,2.34,1.88,2.08,3.26,1.88,2.93,1.29,1.40,2.22,2.22,2.01
2016-02-06 15:25:00,28.659,3.418,2.231,2.57,1.66,2.16,3.797,1.996,3.361,1.288,1.642,2.445,2.091,25.68,2.96,1.88,2.34,1.88,2.08,3.26,1.88,2.93,1.29,1.40,2.22,2.22,2.01
2016-02-06 15:30:00,28.761,3.441,2.23,2.589,1.661,2.168,3.794,2.007,3.37,1.292,1.646,2.46,2.103,25.68,2.96,1.88,2.34,1.88,2.08,3.26,1.88,2.93,1.29,1.40,2.22,2.22,2.01
2016-02-06 15:35:00,28.882,3.466,2.231,2.611,1.664,2.178,3.792,2.019,3.381,1.297,1.65,2.477,2.116,25.68,2.96,1.88,2.34,1.88,2.08,3.26,1.88,2.93,1.29,1.40,2.22,2.22,2.01
2016-02-06 15:40:00,29.021,3.494,2.231,2.635,1.667,2.19,3.793,2.033,3.394,1.303,1.655,2.495,2.131,25.68,2.96,1.88,2.34,1.88,2.08,3.26,1.88,2.93,1.29,1.40,2.22,2.22,2.01
2016-02-06 15:45:00,29.178,3.524,2.232,2.66,1.672,2.204,3.796,2.049,3.407,1.311,1.66,2.515,2.148,25.68,2.96,1.88,2.34,1.88,2.08,3.26,1.88,2.93,1.29,1.40,2.22,2.22,2.01
2016-02-06 15:50:00,29.354,3.557,2.234,2.686,1.678,2.221,3.801,2.067,3.422,1.32,1.665,2.536,2.167,25.68,2.96,1.88,2.34,1.88,2.08,3.26,1.88,2.93,1.29,1.40,2.22,2.22,2.01
2016-02-06 15:55:00,29.553,3.592,2.237,2.715,1.686,2.24,3.809,2.087,3.438,1.332,1.671,2.558,2.188,25.68,2.96,1.88,2.34,1.88,2.08,3.26,1.88,2.93,1.29,1.40,2.22,2.22,2.01
2016-02-06 16:00:00,29.77,3.63,2.24,2.744,1.696,2.263,3.82,2.11,3.455,1.345,1.676,2.581,2.21,26.64,3.07,1.95,2.43,1.95,2.16,3.38,1.95,3.04,1.33,1.45,2.30,2.30,2.08
2016-02-06 16:05:00,30.01,3.67,2.244,2.775,1.708,2.289,3.835,2.135,3.473,1.361,1.681,2.605,2.234,26.64,3.07,1.95,2.43,1.95,2.16,3.38,1.95,3.04,1.33,1.45,2.30,2.30,2.08
2016-02-06 16:10:00,30.271,3.713,2.249,2.806,1.721,2.318,3.853,2.162,3.493,1.379,1.687,2.63,2.26,26.64,3.07,1.95,2.43,1.95,2.16,3.38,1.95,3.04,1.33,1.45,2.30,2.30,2.08
2016-02-06 16:15:00,30.542,3.756,2.254,2.839,1.735,2.349,3.873,2.19,3.513,1.398,1.692,2.656,2.287,26.64,3.07,1.95,2.43,1.95,2.16,3.38,1.95,3.04,1.33,1.45,2.30,2.30,2.08
2016-02-06 16:20:00,30.828,3.8,2.26,2.872,1.751,2.382,3.896,2.22,3.534,1.42,1.697,2.682,2.314,26.64,3.07,1.95,2.43,1.95,2.16,3.38,1.95,3.04,1.33,1.45,2.30,2.30,2.08
2016-02-06 16:25:00,31.120,3.844,2.266,2.905,1.767,2.417,3.92,2.25,3.555,1.442,1.703,2.708,2.343,26.64,3.07,1.95,2.43,1.95,2.16,3.38,1.95,3.04,1.33,1.45,2.30,2.30,2.08
2016-02-06 16:30:00,31.419,3.887,2.273,2.939,1.784,2.454,3.945,2.28,3.577,1.466,1.709,2.733,2.372,26.64,3.07,1.95,2.43,1.95,2.16,3.38,1.95,3.04,1.33,1.45,2.30,2.30,2.08
2016-02-06 16:35:00,31.715,3.929,2.279,2.972,1.801,2.491,3.971,2.31,3.598,1.491,1.715,2.758,2.4,26.64,3.07,1.95,2.43,1.95,2.16,3.38,1.95,3.04,1.33,1.45,2.30,2.30,2.08
2016-02-06 16:40:00,32.010,3.968,2.285,3.006,1.818,2.529,3.996,2.34,3.62,1.516,1.722,2.781,2.429,26.64,3.07,1.95,2.43,1.95,2.16,3.38,1.95,3.04,1.33,1.45,2.30,2.30,2.08
2016-02-06 16:45:00,32.295,4.004,2.291,3.039,1.835,2.567,4.021,2.368,3.641,1.541,1.729,2.803,2.456,26.64,3.07,1.95,2.43,1.95,2.16,3.38,1.95,3.04,1.33,1.45,2.30,2.30,2.08
2016-02-06 16:50:00,32.572,4.037,2.297,3.071,1.85,2.604,4.045,2.395,3.662,1.567,1.737,2.824,2.483,26.64,3.07,1.95,2.43,1.95,2.16,3.38,1.95,3.04,1.33,1.45,2.30,2.30,2.08
2016-02-06 16:55:00,32.836,4.065,2.302,3.103,1.865,2.641,4.068,2.42,3.682,1.593,1.746,2.842,2.509,26.64,3.07,1.95,2.43,1.95,2.16,3.38,1.95,3.04,1.33,1.45,2.30,2.30,2.08
2016-02-06 17:00:00,33.079,4.088,2.306,3.134,1.879,2.677,4.088,2.442,3.701,1.618,1.755,2.858,2.533,28.48,3.28,2.08,2.59,2.08,2.31,3.62,2.09,3.25,1.43,1.55,2.46,2.46,2.23
2016-02-06 17:05:00,33.301,4.105,2.309,3.164,1.891,2.711,4.106,2.462,3.719,1.643,1.765,2.871,2.555,28.48,3.28,2.08,2.59,2.08,2.31,3.62,2.09,3.25,1.43,1.55,2.46,2.46,2.23
2016-02-06 17:10:00,33.504,4.118,2.312,3.192,1.902,2.744,4.121,2.478,3.736,1.666,1.776,2.883,2.576,28.48,3.28,2.08,2.59,2.08,2.31,3.62,2.09,3.25,1.43,1.55,2.46,2.46,2.23
2016-02-06 17:15:00,33.685,4.125,2.314,3.219,1.911,2.775,4.134,2.493,3.752,1.69,1.787,2.891,2.594,28.48,3.28,2.08,2.59,2.08,2.31,3.62,2.09,3.25,1.43,1.55,2.46,2.46,2.23
2016-02-06 17:20:00,33.846,4.128,2.315,3.244,1.919,2.804,4.144,2.505,3.767,1.712,1.799,2.898,2.611,28.48,3.28,2.08,2.59,2.08,2.31,3.62,2.09,3.25,1.43,1.55,2.46,2.46,2.23
2016-02-06 17:25:00,33.986,4.128,2.315,3.266,1.926,2.831,4.152,2.515,3.78,1.733,1.811,2.903,2.626,28.48,3.28,2.08,2.59,2.08,2.31,3.62,2.09,3.25,1.43,1.55,2.46,2.46,2.23
2016-02-06 17:30:00,34.103,4.124,2.314,3.286,1.931,2.856,4.158,2.523,3.792,1.753,1.822,2.906,2.638,28.48,3.28,2.08,2.59,2.08,2.31,3.62,2.09,3.25,1.43,1.55,2.46,2.46,2.23
2016-02-06 17:35:00,34.206,4.118,2.313,3.303,1.935,2.879,4.163,2.53,3.803,1.772,1.833,2.908,2.649,28.48,3.28,2.08,2.59,2.08,2.31,3.62,2.09,3.25,1.43,1.55,2.46,2.46,2.23
2016-02-06 17:40:00,34.286,4.11,2.31,3.317,1.938,2.9,4.165,2.535,3.812,1.789,1.843,2.909,2.658,28.48,3.28,2.08,2.59,2.08,2.31,3.62,2.09,3.25,1.43,1.55,2.46,2.46,2.23
2016-02-06 17:45:00,34.353,4.1,2.307,3.328,1.941,2.919,4.165,2.54,3.82,1.806,1.853,2.909,2.665,28.48,3.28,2.08,2.59,2.08,2.31,3.62,2.09,3.25,1.43,1.55,2.46,2.46,2.23
2016-02-06 17:50:00,34.395,4.089,2.303,3.335,1.942,2.935,4.164,2.543,3.825,1.82,1.862,2.908,2.669,28.48,3.28,2.08,2.59,2.08,2.31,3.62,2.09,3.25,1.43,1.55,2.46,2.46,2.23
2016-02-06 17:55:00,34.425,4.078,2.299,3.339,1.942,2.948,4.162,2.545,3.83,1.834,1.869,2.907,2.672,28.48,3.28,2.08,2.59,2.08,2.31,3.62,2.09,3.25,1.43,1.55,2.46,2.46,2.23
2016-02-06 18:00:00,34.431,4.066,2.293,3.338,1.941,2.959,4.158,2.547,3.832,1.845,1.875,2.905,2.672,29.72,3.43,2.17,2.71,2.17,2.41,3.77,2.18,3.39,1.49,1.62,2.57,2.57,2.32
2016-02-06 18:05:00,34.423,4.055,2.287,3.333,1.939,2.967,4.153,2.549,3.833,1.855,1.879,2.903,2.67,29.72,3.43,2.17,2.71,2.17,2.41,3.77,2.18,3.39,1.49,1.62,2.57,2.57,2.32
2016-02-06 18:10:00,34.399,4.044,2.28,3.324,1.937,2.973,4.147,2.55,3.831,1.863,1.882,2.901,2.667,29.72,3.43,2.17,2.71,2.17,2.41,3.77,2.18,3.39,1.49,1.62,2.57,2.57,2.32
2016-02-06 18:15:00,34.362,4.034,2.272,3.312,1.934,2.977,4.139,2.551,3.829,1.87,1.884,2.899,2.661,29.72,3.43,2.17,2.71,2.17,2.41,3.77,2.18,3.39,1.49,1.62,2.57,2.57,2.32
2016-02-06 18:20:00,34.307,4.023,2.264,3.296,1.93,2.978,4.131,2.551,3.824,1.875,1.884,2.896,2.655,29.72,3.43,2.17,2.71,2.17,2.41,3.77,2.18,3.39,1.49,1.62,2.57,2.57,2.32
2016-02-06 18:25:00,34.245,4.013,2.255,3.279,1.926,2.978,4.123,2.551,3.818,1.879,1.883,2.893,2.647,29.72,3.43,2.17,2.71,2.17,2.41,3.77,2.18,3.39,1.49,1.62,2.57,2.57,2.32
2016-02-06 18:30:00,34.174,4.002,2.247,3.26,1.921,2.977,4.114,2.551,3.811,1.881,1.881,2.89,2.639,29.72,3.43,2.17,2.71,2.17,2.41,3.77,2.18,3.39,1.49,1.62,2.57,2.57,2.32
2016-02-06 18:35:00,34.094,3.991,2.238,3.24,1.915,2.974,4.104,2.551,3.803,1.883,1.879,2.886,2.63,29.72,3.43,2.17,2.71,2.17,2.41,3.77,2.18,3.39,1.49,1.62,2.57,2.57,2.32
2016-02-06 18:40:00,34.01,3.98,2.23,3.22,1.909,2.97,4.095,2.55,3.793,1.884,1.876,2.882,2.621,29.72,3.43,2.17,2.71,2.17,2.41,3.77,2.18,3.39,1.49,1.62,2.57,2.57,2.32
2016-02-06 18:45:00,33.918,3.968,2.221,3.199,1.903,2.966,4.085,2.549,3.783,1.883,1.872,2.877,2.612,29.72,3.43,2.17,2.71,2.17,2.41,3.77,2.18,3.39,1.49,1.62,2.57,2.57,2.32
2016-02-06 18:50:00,33.827,3.955,2.213,3.18,1.896,2.962,4.076,2.548,3.771,1.883,1.868,2.872,2.603,29.72,3.43,2.17,2.71,2.17,2.41,3.77,2.18,3.39,1.49,1.62,2.57,2.57,2.32
2016-02-06 18:55:00,33.729,3.942,2.206,3.161,1.888,2.957,4.067,2.546,3.758,1.881,1.863,2.866,2.594,29.72,3.43,2.17,2.71,2.17,2.41,3.77,2.18,3.39,1.49,1.62,2.57,2.57,2.32
2016-02-06 19:00:00,33.634,3.927,2.199,3.144,1.88,2.952,4.059,2.544,3.745,1.879,1.859,2.859,2.587,29.44,3.39,2.15,2.68,2.15,2.39,3.74,2.16,3.36,1.47,1.60,2.55,2.55,2.30
2016-02-06 19:05:00,33.542,3.911,2.193,3.129,1.872,2.948,4.051,2.542,3.731,1.877,1.855,2.852,2.581,29.44,3.39,2.15,2.68,2.15,2.39,3.74,2.16,3.36,1.47,1.60,2.55,2.55,2.30
2016-02-06 19:10:00,33.446,3.895,2.187,3.116,1.863,2.943,4.044,2.539,3.717,1.874,1.85,2.843,2.575,29.44,3.39,2.15,2.68,2.15,2.39,3.74,2.16,3.36,1.47,1.60,2.55,2.55,2.30
2016-02-06 19:15:00,33.355,3.877,2.182,3.105,1.854,2.939,4.037,2.536,3.702,1.871,1.846,2.835,2.571,29.44,3.39,2.15,2.68,2.15,2.39,3.74,2.16,3.36,1.47,1.60,2.55,2.55,2.30
2016-02-06 19:20:00,33.265,3.859,2.177,3.096,1.845,2.935,4.031,2.533,3.687,1.868,1.841,2.826,2.567,29.44,3.39,2.15,2.68,2.15,2.39,3.74,2.16,3.36,1.47,1.60,2.55,2.55,2.30
2016-02-06 19:25:00,33.173,3.84,2.173,3.087,1.837,2.93,4.024,2.529,3.673,1.865,1.836,2.816,2.563,29.44,3.39,2.15,2.68,2.15,2.39,3.74,2.16,3.36,1.47,1.60,2.55,2.55,2.30
2016-02-06 19:30:00,33.084,3.821,2.169,3.079,1.828,2.925,4.017,2.525,3.66,1.861,1.832,2.807,2.56,29.44,3.39,2.15,2.68,2.15,2.39,3.74,2.16,3.36,1.47,1.60,2.55,2.55,2.30
2016-02-06 19:35:00,32.993,3.802,2.165,3.071,1.819,2.92,4.009,2.521,3.647,1.858,1.827,2.797,2.557,29.44,3.39,2.15,2.68,2.15,2.39,3.74,2.16,3.36,1.47,1.60,2.55,2.55,2.30
2016-02-06 19:40:00,32.903,3.783,2.161,3.064,1.811,2.913,4.001,2.517,3.635,1.855,1.822,2.787,2.554,29.44,3.39,2.15,2.68,2.15,2.39,3.74,2.16,3.36,1.47,1.60,2.55,2.55,2.30
2016-02-06 19:45:00,32.812,3.764,2.157,3.057,1.802,2.906,3.992,2.512,3.625,1.852,1.817,2.777,2.551,29.44,3.39,2.15,2.68,2.15,2.39,3.74,2.16,3.36,1.47,1.60,2.55,2.55,2.30
2016-02-06 19:50:00,32.718,3.745,2.152,3.049,1.795,2.898,3.981,2.507,3.617,1.849,1.811,2.767,2.547,29.44,3.39,2.15,2.68,2.15,2.39,3.74,2.16,3.36,1.47,1.60,2.55,2.55,2.30
2016-02-06 19:55:00,32.626,3.727,2.148,3.04,1.788,2.888,3.97,2.502,3.61,1.846,1.806,2.757,2.544,29.44,3.39,2.15,2.68,2.15,2.39,3.74,2.16,3.36,1.47,1.60,2.55,2.55,2.30
2016-02-06 20:00:00,32.531,3.71,2.143,3.03,1.781,2.877,3.957,2.496,3.606,1.844,1.8,2.748,2.539,28.78,3.32,2.10,2.62,2.10,2.34,3.65,2.11,3.29,1.44,1.57,2.49,2.49,2.25
2016-02-06 20:05:00,32.435,3.694,2.138,3.019,1.775,2.864,3.942,2.49,3.604,1.842,1.794,2.739,2.534,28.78,3.32,2.10,2.62,2.10,2.34,3.65,2.11,3.29,1.44,1.57,2.49,2.49,2.25
2016-02-06 20:10:00,32.337,3.678,2.132,3.006,1.77,2.85,3.926,2.484,3.604,1.841,1.787,2.731,2.528,28.78,3.32,2.10,2.62,2.10,2.34,3.65,2.11,3.29,1.44,1.57,2.49,2.49,2.25
2016-02-06 20:15:00,32.236,3.662,2.126,2.993,1.765,2.835,3.909,2.478,3.605,1.839,1.781,2.722,2.521,28.78,3.32,2.10,2.62,2.10,2.34,3.65,2.11,3.29,1.44,1.57,2.49,2.49,2.25
2016-02-06 20:20:00,32.133,3.647,2.12,2.978,1.76,2.819,3.891,2.471,3.608,1.837,1.774,2.714,2.514,28.78,3.32,2.10,2.62,2.10,2.34,3.65,2.11,3.29,1.44,1.57,2.49,2.49,2.25
2016-02-06 20:25:00,32.023,3.632,2.113,2.962,1.755,2.802,3.872,2.463,3.61,1.835,1.767,2.706,2.506,28.78,3.32,2.10,2.62,2.10,2.34,3.65,2.11,3.29,1.44,1.57,2.49,2.49,2.25
2016-02-06 20:30:00,31.914,3.617,2.106,2.946,1.751,2.785,3.852,2.456,3.613,1.833,1.76,2.698,2.497,28.78,3.32,2.10,2.62,2.10,2.34,3.65,2.11,3.29,1.44,1.57,2.49,2.49,2.25
2016-02-06 20:35:00,31.795,3.601,2.099,2.928,1.746,2.767,3.832,2.447,3.615,1.829,1.752,2.69,2.489,28.78,3.32,2.10,2.62,2.10,2.34,3.65,2.11,3.29,1.44,1.57,2.49,2.49,2.25
2016-02-06 20:40:00,31.673,3.585,2.092,2.91,1.741,2.748,3.812,2.438,3.616,1.825,1.745,2.681,2.48,28.78,3.32,2.10,2.62,2.10,2.34,3.65,2.11,3.29,1.44,1.57,2.49,2.49,2.25
2016-02-06 20:45:00,31.545,3.568,2.085,2.892,1.735,2.73,3.791,2.428,3.616,1.82,1.738,2.672,2.47,28.78,3.32,2.10,2.62,2.10,2.34,3.65,2.11,3.29,1.44,1.57,2.49,2.49,2.25
2016-02-06 20:50:00,31.41,3.55,2.077,2.872,1.729,2.712,3.771,2.418,3.613,1.814,1.73,2.663,2.461,28.78,3.32,2.10,2.62,2.10,2.34,3.65,2.11,3.29,1.44,1.57,2.49,2.49,2.25
2016-02-06 20:55:00,31.27,3.531,2.07,2.853,1.722,2.694,3.752,2.406,3.608,1.806,1.723,2.654,2.451,28.78,3.32,2.10,2.62,2.10,2.34,3.65,2.11,3.29,1.44,1.57,2.49,2.49,2.25
2016-02-06 21:00:00,31.12,3.51,2.063,2.833,1.714,2.677,3.733,2.394,3.6,1.796,1.715,2.644,2.441,27.7,3.19,2.02,2.52,2.02,2.25,3.52,2.03,3.16,1.39,1.51,2.40,2.40,2.16
2016-02-06 21:05:00,30.962,3.488,2.056,2.813,1.705,2.66,3.715,2.381,3.588,1.785,1.707,2.633,2.431,27.7,3.19,2.02,2.52,2.02,2.25,3.52,2.03,3.16,1.39,1.51,2.40,2.40,2.16
2016-02-06 21:10:00,30.798,3.464,2.049,2.793,1.695,2.644,3.698,2.367,3.573,1.772,1.7,2.622,2.421,27.7,3.19,2.02,2.52,2.02,2.25,3.52,2.03,3.16,1.39,1.51,2.40,2.40,2.16
2016-02-06 21:15:00,30.627,3.439,2.042,2.772,1.685,2.629,3.681,2.352,3.556,1.757,1.692,2.611,2.411,27.7,3.19,2.02,2.52,2.02,2.25,3.52,2.03,3.16,1.39,1.51,2.40,2.40,2.16
2016-02-06 21:20:00,30.447,3.414,2.035,2.752,1.673,2.613,3.664,2.337,3.535,1.742,1.684,2.598,2.4,27.7,3.19,2.02,2.52,2.02,2.25,3.52,2.03,3.16,1.39,1.51,2.40,2.40,2.16
2016-02-06 21:25:00,30.266,3.388,2.029,2.732,1.661,2.598,3.648,2.32,3.513,1.725,1.676,2.586,2.39,27.7,3.19,2.02,2.52,2.02,2.25,3.52,2.03,3.16,1.39,1.51,2.40,2.40,2.16
2016-02-06 21:30:00,30.073,3.361,2.022,2.711,1.649,2.582,3.632,2.303,3.488,1.708,1.667,2.572,2.378,27.7,3.19,2.02,2.52,2.02,2.25,3.52,2.03,3.16,1.39,1.51,2.40,2.40,2.16
2016-02-06 21:35:00,29.878,3.334,2.016,2.691,1.635,2.566,3.615,2.286,3.462,1.69,1.658,2.558,2.367,27.7,3.19,2.02,2.52,2.02,2.25,3.52,2.03,3.16,1.39,1.51,2.40,2.40,2.16
2016-02-06 21:40:00,29.679,3.308,2.01,2.671,1.622,2.549,3.598,2.268,3.435,1.671,1.648,2.544,2.355,27.7,3.19,2.02,2.52,2.02,2.25,3.52,2.03,3.16,1.39,1.51,2.40,2.40,2.16
2016-02-06 21:45:00,29.472,3.282,2.003,2.65,1.607,2.531,3.581,2.25,3.406,1.653,1.637,2.53,2.342,27.7,3.19,2.02,2.52,2.02,2.25,3.52,2.03,3.16,1.39,1.51,2.40,2.40,2.16
2016-02-06 21:50:00,29.265,3.257,1.998,2.63,1.593,2.513,3.563,2.231,3.378,1.634,1.626,2.514,2.328,27.7,3.19,2.02,2.52,2.02,2.25,3.52,2.03,3.16,1.39,1.51,2.40,2.40,2.16
2016-02-06 21:55:00,29.053,3.233,1.992,2.611,1.578,2.493,3.544,2.211,3.349,1.616,1.613,2.499,2.314,27.7,3.19,2.02,2.52,2.02,2.25,3.52,2.03,3.16,1.39,1.51,2.40,2.40,2.16
2016-02-06 22:00:00,28.838,3.21,1.986,2.591,1.563,2.472,3.524,2.192,3.32,1.598,1.6,2.483,2.299,25.92,2.99,1.89,2.36,1.89,2.10,3.29,1.90,2.96,1.30,1.41,2.24,2.24,2.03
2016-02-06 22:05:00,28.622,3.189,1.98,2.572,1.548,2.449,3.503,2.172,3.292,1.581,1.586,2.467,2.283,25.92,2.99,1.89,2.36,1.89,2.10,3.29,1.90,2.96,1.30,1.41,2.24,2.24,2.03
2016-02-06 22:10:00,28.400,3.168,1.975,2.552,1.533,2.425,3.481,2.152,3.264,1.564,1.57,2.45,2.266,25.92,2.99,1.89,2.36,1.89,2.10,3.29,1.90,2.96,1.30,1.41,2.24,2.24,2.03
2016-02-06 22:15:00,28.178,3.149,1.969,2.533,1.517,2.4,3.458,2.132,3.236,1.548,1.554,2.433,2.249,25.92,2.99,1.89,2.36,1.89,2.10,3.29,1.90,2.96,1.30,1.41,2.24,2.24,2.03
2016-02-06 22:20:00,27.956,3.131,1.964,2.514,1.502,2.374,3.434,2.112,3.209,1.532,1.537,2.416,2.231,25.92,2.99,1.89,2.36,1.89,2.10,3.29,1.90,2.96,1.30,1.41,2.24,2.24,2.03
2016-02-06 22:25:00,27.733,3.113,1.958,2.494,1.487,2.348,3.41,2.092,3.183,1.516,1.52,2.399,2.213,25.92,2.99,1.89,2.36,1.89,2.10,3.29,1.90,2.96,1.30,1.41,2.24,2.24,2.03
2016-02-06 22:30:00,27.507,3.095,1.952,2.475,1.472,2.321,3.385,2.072,3.156,1.501,1.502,2.382,2.194,25.92,2.99,1.89,2.36,1.89,2.10,3.29,1.90,2.96,1.30,1.41,2.24,2.24,2.03
2016-02-06 22:35:00,27.279,3.077,1.946,2.454,1.456,2.293,3.361,2.052,3.13,1.486,1.484,2.364,2.176,25.92,2.99,1.89,2.36,1.89,2.10,3.29,1.90,2.96,1.30,1.41,2.24,2.24,2.03
2016-02-06 22:40:00,27.053,3.059,1.939,2.434,1.441,2.266,3.336,2.032,3.105,1.471,1.466,2.347,2.157,25.92,2.99,1.89,2.36,1.89,2.10,3.29,1.90,2.96,1.30,1.41,2.24,2.24,2.03
2016-02-06 22:45:00,26.822,3.04,1.932,2.412,1.426,2.238,3.312,2.012,3.079,1.456,1.447,2.329,2.139,25.92,2.99,1.89,2.36,1.89,2.10,3.29,1.90,2.96,1.30,1.41,2.24,2.24,2.03
2016-02-06 22:50:00,26.594,3.021,1.924,2.39,1.411,2.211,3.288,1.992,3.054,1.441,1.43,2.312,2.12,25.92,2.99,1.89,2.36,1.89,2.10,3.29,1.90,2.96,1.30,1.41,2.24,2.24,2.03
2016-02-06 22:55:00,26.365,3,1.915,2.366,1.397,2.185,3.265,1.973,3.03,1.425,1.412,2.295,2.102,25.92,2.99,1.89,2.36,1.89,2.10,3.29,1.90,2.96,1.30,1.41,2.24,2.24,2.03
2016-02-06 23:00:00,26.136,2.978,1.906,2.342,1.382,2.159,3.242,1.954,3.005,1.41,1.395,2.278,2.085,24.26,2.80,1.77,2.21,1.77,1.97,3.08,1.78,2.77,1.22,1.32,2.10,2.10,1.90
2016-02-06 23:05:00,25.907,2.954,1.896,2.317,1.368,2.134,3.22,1.935,2.981,1.394,1.379,2.261,2.068,24.26,2.80,1.77,2.21,1.77,1.97,3.08,1.78,2.77,1.22,1.32,2.10,2.10,1.90
2016-02-06 23:10:00,25.681,2.93,1.885,2.29,1.353,2.11,3.2,1.917,2.957,1.379,1.363,2.245,2.052,24.26,2.80,1.77,2.21,1.77,1.97,3.08,1.78,2.77,1.22,1.32,2.10,2.10,1.90
2016-02-06 23:15:00,25.457,2.904,1.874,2.263,1.34,2.088,3.18,1.899,2.933,1.363,1.348,2.229,2.036,24.26,2.80,1.77,2.21,1.77,1.97,3.08,1.78,2.77,1.22,1.32,2.10,2.10,1.90
2016-02-06 23:20:00,25.234,2.877,1.862,2.236,1.326,2.066,3.161,1.882,2.91,1.347,1.333,2.213,2.021,24.26,2.80,1.77,2.21,1.77,1.97,3.08,1.78,2.77,1.22,1.32,2.10,2.10,1.90
2016-02-06 23:25:00,25.013,2.85,1.85,2.208,1.312,2.044,3.143,1.865,2.887,1.331,1.319,2.197,2.007,24.26,2.80,1.77,2.21,1.77,1.97,3.08,1.78,2.77,1.22,1.32,2.10,2.10,1.90
2016-02-06 23:30:00,24.797,2.822,1.838,2.181,1.299,2.024,3.126,1.848,2.865,1.315,1.306,2.181,1.992,24.26,2.80,1.77,2.21,1.77,1.97,3.08,1.78,2.77,1.22,1.32,2.10,2.10,1.90
2016-02-06 23:35:00,24.586,2.795,1.826,2.154,1.286,2.004,3.109,1.833,2.843,1.299,1.293,2.166,1.978,24.26,2.80,1.77,2.21,1.77,1.97,3.08,1.78,2.77,1.22,1.32,2.10,2.10,1.90
2016-02-06 23:40:00,24.383,2.768,1.814,2.128,1.274,1.986,3.094,1.817,2.822,1.284,1.281,2.151,1.964,24.26,2.80,1.77,2.21,1.77,1.97,3.08,1.78,2.77,1.22,1.32,2.10,2.10,1.90
2016-02-06 23:45:00,24.183,2.742,1.803,2.102,1.262,1.967,3.079,1.803,2.801,1.269,1.269,2.136,1.95,24.26,2.80,1.77,2.21,1.77,1.97,3.08,1.78,2.77,1.22,1.32,2.10,2.10,1.90
2016-02-06 23:50:00,23.993,2.717,1.792,2.078,1.25,1.95,3.065,1.789,2.781,1.255,1.258,2.121,1.937,24.26,2.80,1.77,2.21,1.77,1.97,3.08,1.78,2.77,1.22,1.32,2.10,2.10,1.90
2016-02-06 23:55:00,23.808,2.692,1.782,2.055,1.238,1.933,3.052,1.776,2.762,1.241,1.248,2.106,1.923,24.26,2.80,1.77,2.21,1.77,1.97,3.08,1.78,2.77,1.22,1.32,2.10,2.10,1.90
2016-02-07 00:00:00,23.635,2.67,1.772,2.034,1.227,1.917,3.04,1.763,2.744,1.228,1.238,2.092,1.91,23.1,2.66,1.69,2.10,1.69,1.87,2.93,1.69,2.64,1.16,1.26,2.00,2.00,1.80
2016-02-07 00:05:00,23.470,2.649,1.763,2.015,1.216,1.901,3.028,1.751,2.727,1.216,1.229,2.078,1.897,23.1,2.66,1.69,2.10,1.69,1.87,2.93,1.69,2.64,1.16,1.26,2.00,2.00,1.80
2016-02-07 00:10:00,23.312,2.63,1.755,1.997,1.206,1.886,3.017,1.74,2.71,1.204,1.22,2.064,1.883,23.1,2.66,1.69,2.10,1.69,1.87,2.93,1.69,2.64,1.16,1.26,2.00,2.00,1.80
2016-02-07 00:15:00,23.168,2.613,1.748,1.982,1.196,1.872,3.007,1.73,2.695,1.193,1.212,2.05,1.87,23.1,2.66,1.69,2.10,1.69,1.87,2.93,1.69,2.64,1.16,1.26,2.00,2.00,1.80
2016-02-07 00:20:00,23.028,2.597,1.742,1.968,1.186,1.858,2.998,1.72,2.68,1.182,1.204,2.036,1.857,23.1,2.66,1.69,2.10,1.69,1.87,2.93,1.69,2.64,1.16,1.26,2.00,2.00,1.80
2016-02-07 00:25:00,22.898,2.582,1.737,1.955,1.177,1.845,2.989,1.711,2.666,1.172,1.197,2.023,1.844,23.1,2.66,1.69,2.10,1.69,1.87,2.93,1.69,2.64,1.16,1.26,2.00,2.00,1.80
2016-02-07 00:30:00,22.774,2.569,1.732,1.943,1.169,1.832,2.98,1.702,2.653,1.162,1.19,2.011,1.831,23.1,2.66,1.69,2.10,1.69,1.87,2.93,1.69,2.64,1.16,1.26,2.00,2.00,1.80
2016-02-07 00:35:00,22.661,2.557,1.728,1.933,1.161,1.82,2.972,1.694,2.64,1.153,1.184,1.999,1.82,23.1,2.66,1.69,2.10,1.69,1.87,2.93,1.69,2.64,1.16,1.26,2.00,2.00,1.80
2016-02-07 00:40:00,22.555,2.546,1.724,1.923,1.154,1.809,2.965,1.687,2.628,1.145,1.178,1.988,1.808,23.1,2.66,1.69,2.10,1.69,1.87,2.93,1.69,2.64,1.16,1.26,2.00,2.00,1.80
2016-02-07 00:45:00,22.456,2.535,1.722,1.914,1.148,1.799,2.958,1.68,2.617,1.137,1.172,1.977,1.797,23.1,2.66,1.69,2.10,1.69,1.87,2.93,1.69,2.64,1.16,1.26,2.00,2.00,1.80
2016-02-07 00:50:00,22.366,2.526,1.719,1.906,1.143,1.789,2.951,1.674,2.607,1.129,1.167,1.968,1.787,23.1,2.66,1.69,2.10,1.69,1.87,2.93,1.69,2.64,1.16,1.26,2.00,2.00,1.80
2016-02-07 00:55:00,22.280,2.517,1.717,1.898,1.138,1.779,2.945,1.668,2.598,1.121,1.162,1.959,1.778,23.1,2.66,1.69,2.10,1.69,1.87,2.93,1.69,2.64,1.16,1.26,2.00,2.00,1.80
2016-02-07 01:00:00,22.204,2.509,1.716,1.891,1.134,1.771,2.939,1.662,2.589,1.114,1.158,1.951,1.77,22.52,2.60,1.64,2.05,1.64,1.83,2.86,1.65,2.57,1.13,1.23,1.95,1.95,1.76
2016-02-07 01:05:00,22.133,2.501,1.715,1.884,1.131,1.763,2.933,1.657,2.581,1.107,1.154,1.944,1.763,22.52,2.60,1.64,2.05,1.64,1.83,2.86,1.65,2.57,1.13,1.23,1.95,1.95,1.76
2016-02-07 01:10:00,22.067,2.494,1.714,1.877,1.129,1.756,2.928,1.652,2.573,1.1,1.15,1.938,1.756,22.52,2.60,1.64,2.05,1.64,1.83,2.86,1.65,2.57,1.13,1.23,1.95,1.95,1.76
2016-02-07 01:15:00,22.01,2.487,1.714,1.87,1.127,1.75,2.923,1.647,2.566,1.094,1.147,1.934,1.751,22.52,2.60,1.64,2.05,1.64,1.83,2.86,1.65,2.57,1.13,1.23,1.95,1.95,1.76
2016-02-07 01:20:00,21.958,2.481,1.714,1.864,1.126,1.744,2.918,1.643,2.56,1.088,1.144,1.93,1.746,22.52,2.60,1.64,2.05,1.64,1.83,2.86,1.65,2.57,1.13,1.23,1.95,1.95,1.76
2016-02-07 01:25:00,21.908,2.475,1.714,1.857,1.125,1.738,2.914,1.639,2.554,1.082,1.141,1.927,1.742,22.52,2.60,1.64,2.05,1.64,1.83,2.86,1.65,2.57,1.13,1.23,1.95,1.95,1.76
2016-02-07 01:30:00,21.866,2.47,1.714,1.852,1.124,1.733,2.909,1.635,2.549,1.077,1.139,1.925,1.739,22.52,2.60,1.64,2.05,1.64,1.83,2.86,1.65,2.57,1.13,1.23,1.95,1.95,1.76
2016-02-07 01:35:00,21.828,2.465,1.715,1.846,1.124,1.729,2.905,1.631,2.544,1.072,1.137,1.924,1.736,22.52,2.60,1.64,2.05,1.64,1.83,2.86,1.65,2.57,1.13,1.23,1.95,1.95,1.76
2016-02-07 01:40:00,21.793,2.46,1.715,1.841,1.123,1.725,2.901,1.628,2.54,1.067,1.135,1.924,1.734,22.52,2.60,1.64,2.05,1.64,1.83,2.86,1.65,2.57,1.13,1.23,1.95,1.95,1.76
2016-02-07 01:45:00,21.762,2.456,1.715,1.836,1.122,1.721,2.897,1.624,2.536,1.063,1.134,1.925,1.733,22.52,2.60,1.64,2.05,1.64,1.83,2.86,1.65,2.57,1.13,1.23,1.95,1.95,1.76
2016-02-07 01:50:00,21.735,2.453,1.714,1.832,1.121,1.717,2.893,1.621,2.532,1.06,1.133,1.927,1.732,22.52,2.60,1.64,2.05,1.64,1.83,2.86,1.65,2.57,1.13,1.23,1.95,1.95,1.76
2016-02-07 01:55:00,21.71,2.45,1.714,1.828,1.119,1.714,2.889,1.618,2.528,1.057,1.133,1.929,1.731,22.52,2.60,1.64,2.05,1.64,1.83,2.86,1.65,2.57,1.13,1.23,1.95,1.95,1.76
2016-02-07 02:00:00,21.690,2.448,1.713,1.824,1.117,1.711,2.885,1.615,2.525,1.055,1.133,1.933,1.731,22.3,2.57,1.63,2.03,1.63,1.81,2.83,1.63,2.55,1.12,1.21,1.93,1.93,1.74
2016-02-07 02:05:00,21.670,2.446,1.712,1.821,1.114,1.708,2.881,1.612,2.522,1.053,1.133,1.937,1.731,22.3,2.57,1.63,2.03,1.63,1.81,2.83,1.63,2.55,1.12,1.21,1.93,1.93,1.74
2016-02-07 02:10:00,21.653,2.445,1.71,1.818,1.11,1.705,2.878,1.609,2.519,1.052,1.134,1.942,1.731,22.3,2.57,1.63,2.03,1.63,1.81,2.83,1.63,2.55,1.12,1.21,1.93,1.93,1.74
2016-02-07 02:15:00,21.640,2.444,1.708,1.816,1.106,1.702,2.874,1.606,2.517,1.052,1.135,1.948,1.732,22.3,2.57,1.63,2.03,1.63,1.81,2.83,1.63,2.55,1.12,1.21,1.93,1.93,1.74
2016-02-07 02:20:00,21.628,2.444,1.706,1.814,1.102,1.7,2.87,1.603,2.514,1.052,1.137,1.954,1.732,22.3,2.57,1.63,2.03,1.63,1.81,2.83,1.63,2.55,1.12,1.21,1.93,1.93,1.74
2016-02-07 02:25:00,21.619,2.444,1.704,1.813,1.097,1.698,2.867,1.6,2.512,1.052,1.138,1.961,1.733,22.3,2.57,1.63,2.03,1.63,1.81,2.83,1.63,2.55,1.12,1.21,1.93,1.93,1.74
2016-02-07 02:30:00,21.613,2.445,1.702,1.812,1.093,1.696,2.864,1.598,2.51,1.052,1.139,1.968,1.734,22.3,2.57,1.63,2.03,1.63,1.81,2.83,1.63,2.55,1.12,1.21,1.93,1.93,1.74
2016-02-07 02:35:00,21.605,2.446,1.701,1.811,1.088,1.694,2.861,1.595,2.508,1.052,1.14,1.975,1.734,22.3,2.57,1.63,2.03,1.63,1.81,2.83,1.63,2.55,1.12,1.21,1.93,1.93,1.74
2016-02-07 02:40:00,21.600,2.447,1.699,1.811,1.084,1.692,2.858,1.593,2.506,1.052,1.141,1.982,1.735,22.3,2.57,1.63,2.03,1.63,1.81,2.83,1.63,2.55,1.12,1.21,1.93,1.93,1.74
2016-02-07 02:45:00,21.598,2.449,1.697,1.811,1.08,1.691,2.856,1.59,2.504,1.052,1.142,1.99,1.736,22.3,2.57,1.63,2.03,1.63,1.81,2.83,1.63,2.55,1.12,1.21,1.93,1.93,1.74
2016-02-07 02:50:00,21.596,2.451,1.696,1.811,1.077,1.69,2.854,1.588,2.503,1.051,1.142,1.997,1.736,22.3,2.57,1.63,2.03,1.63,1.81,2.83,1.63,2.55,1.12,1.21,1.93,1.93,1.74
2016-02-07 02:55:00,21.594,2.453,1.696,1.811,1.074,1.689,2.852,1.586,2.501,1.05,1.142,2.004,1.736,22.3,2.57,1.63,2.03,1.63,1.81,2.83,1.63,2.55,1.12,1.21,1.93,1.93,1.74
2016-02-07 03:00:00,21.596,2.456,1.696,1.812,1.072,1.689,2.851,1.584,2.5,1.049,1.141,2.01,1.736,22.34,2.58,1.63,2.03,1.63,1.81,2.84,1.64,2.55,1.12,1.22,1.93,1.93,1.75
2016-02-07 03:05:00,21.599,2.459,1.697,1.813,1.071,1.689,2.85,1.582,2.499,1.047,1.14,2.016,1.736,22.34,2.58,1.63,2.03,1.63,1.81,2.84,1.64,2.55,1.12,1.22,1.93,1.93,1.75
2016-02-07 03:10:00,21.603,2.462,1.698,1.814,1.071,1.689,2.85,1.581,2.498,1.045,1.138,2.022,1.735,22.34,2.58,1.63,2.03,1.63,1.81,2.84,1.64,2.55,1.12,1.22,1.93,1.93,1.75
2016-02-07 03:15:00,21.605,2.465,1.7,1.815,1.071,1.69,2.85,1.579,2.497,1.042,1.135,2.027,1.734,22.34,2.58,1.63,2.03,1.63,1.81,2.84,1.64,2.55,1.12,1.22,1.93,1.93,1.75
2016-02-07 03:20:00,21.613,2.469,1.702,1.817,1.072,1.691,2.85,1.578,2.496,1.039,1.133,2.032,1.734,22.34,2.58,1.63,2.03,1.63,1.81,2.84,1.64,2.55,1.12,1.22,1.93,1.93,1.75
2016-02-07 03:25:00,21.621,2.473,1.704,1.819,1.074,1.692,2.85,1.577,2.496,1.036,1.13,2.037,1.733,22.34,2.58,1.63,2.03,1.63,1.81,2.84,1.64,2.55,1.12,1.22,1.93,1.93,1.75
2016-02-07 03:30:00,21.632,2.478,1.706,1.822,1.076,1.694,2.851,1.577,2.496,1.032,1.127,2.041,1.732,22.34,2.58,1.63,2.03,1.63,1.81,2.84,1.64,2.55,1.12,1.22,1.93,1.93,1.75
2016-02-07 03:35:00,21.645,2.483,1.709,1.825,1.078,1.695,2.851,1.577,2.497,1.029,1.124,2.045,1.732,22.34,2.58,1.63,2.03,1.63,1.81,2.84,1.64,2.55,1.12,1.22,1.93,1.93,1.75
2016-02-07 03:40:00,21.664,2.489,1.712,1.828,1.081,1.697,2.852,1.578,2.498,1.026,1.121,2.05,1.732,22.34,2.58,1.63,2.03,1.63,1.81,2.84,1.64,2.55,1.12,1.22,1.93,1.93,1.75
2016-02-07 03:45:00,21.683,2.496,1.714,1.832,1.084,1.698,2.853,1.579,2.499,1.023,1.119,2.054,1.732,22.34,2.58,1.63,2.03,1.63,1.81,2.84,1.64,2.55,1.12,1.22,1.93,1.93,1.75
2016-02-07 03:50:00,21.707,2.503,1.717,1.836,1.087,1.7,2.854,1.581,2.501,1.021,1.116,2.058,1.733,22.34,2.58,1.63,2.03,1.63,1.81,2.84,1.64,2.55,1.12,1.22,1.93,1.93,1.75
2016-02-07 03:55:00,21.735,2.511,1.719,1.841,1.089,1.701,2.855,1.583,2.504,1.019,1.115,2.063,1.735,22.34,2.58,1.63,2.03,1.63,1.81,2.84,1.64,2.55,1.12,1.22,1.93,1.93,1.75
2016-02-07 04:00:00,21.768,2.52,1.721,1.847,1.092,1.703,2.856,1.586,2.507,1.018,1.114,2.067,1.737,22.74,2.62,1.66,2.07,1.66,1.85,2.89,1.67,2.60,1.14,1.24,1.97,1.97,1.78
2016-02-07 04:05:00,21.805,2.53,1.722,1.853,1.094,1.704,2.857,1.59,2.511,1.018,1.114,2.072,1.74,22.74,2.62,1.66,2.07,1.66,1.85,2.89,1.67,2.60,1.14,1.24,1.97,1.97,1.78
2016-02-07 04:10:00,21.847,2.54,1.724,1.86,1.097,1.706,2.858,1.594,2.516,1.018,1.114,2.076,1.744,22.74,2.62,1.66,2.07,1.66,1.85,2.89,1.67,2.60,1.14,1.24,1.97,1.97,1.78
2016-02-07 04:15:00,21.892,2.551,1.724,1.868,1.099,1.707,2.859,1.599,2.521,1.019,1.116,2.081,1.748,22.74,2.62,1.66,2.07,1.66,1.85,2.89,1.67,2.60,1.14,1.24,1.97,1.97,1.78
2016-02-07 04:20:00,21.944,2.563,1.725,1.876,1.101,1.709,2.861,1.604,2.527,1.02,1.118,2.087,1.753,22.74,2.62,1.66,2.07,1.66,1.85,2.89,1.67,2.60,1.14,1.24,1.97,1.97,1.78
2016-02-07 04:25:00,21.998,2.575,1.725,1.884,1.103,1.71,2.864,1.61,2.534,1.022,1.12,2.092,1.759,22.74,2.62,1.66,2.07,1.66,1.85,2.89,1.67,2.60,1.14,1.24,1.97,1.97,1.78
2016-02-07 04:30:00,22.056,2.587,1.725,1.893,1.105,1.712,2.868,1.615,2.541,1.024,1.123,2.098,1.765,22.74,2.62,1.66,2.07,1.66,1.85,2.89,1.67,2.60,1.14,1.24,1.97,1.97,1.78
2016-02-07 04:35:00,22.121,2.6,1.724,1.902,1.107,1.713,2.874,1.621,2.549,1.027,1.127,2.104,1.773,22.74,2.62,1.66,2.07,1.66,1.85,2.89,1.67,2.60,1.14,1.24,1.97,1.97,1.78
2016-02-07 04:40:00,22.191,2.612,1.724,1.912,1.109,1.716,2.881,1.627,2.557,1.03,1.132,2.111,1.78,22.74,2.62,1.66,2.07,1.66,1.85,2.89,1.67,2.60,1.14,1.24,1.97,1.97,1.78
2016-02-07 04:45:00,22.267,2.625,1.723,1.921,1.112,1.718,2.891,1.633,2.566,1.034,1.137,2.118,1.789,22.74,2.62,1.66,2.07,1.66,1.85,2.89,1.67,2.60,1.14,1.24,1.97,1.97,1.78
2016-02-07 04:50:00,22.345,2.637,1.722,1.931,1.114,1.721,2.903,1.638,2.575,1.037,1.143,2.126,1.798,22.74,2.62,1.66,2.07,1.66,1.85,2.89,1.67,2.60,1.14,1.24,1.97,1.97,1.78
2016-02-07 04:55:00,22.430,2.649,1.721,1.941,1.118,1.724,2.917,1.643,2.585,1.041,1.15,2.134,1.807,22.74,2.62,1.66,2.07,1.66,1.85,2.89,1.67,2.60,1.14,1.24,1.97,1.97,1.78
2016-02-07 05:00:00,22.516,2.66,1.72,1.951,1.121,1.727,2.934,1.647,2.595,1.045,1.157,2.142,1.817,23.96,2.76,1.75,2.18,1.75,1.94,3.04,1.76,2.74,1.20,1.31,2.07,2.07,1.87
2016-02-07 05:05:00,22.611,2.671,1.719,1.961,1.125,1.731,2.954,1.651,2.606,1.049,1.165,2.151,1.828,23.96,2.76,1.75,2.18,1.75,1.94,3.04,1.76,2.74,1.20,1.31,2.07,2.07,1.87
2016-02-07 05:10:00,22.706,2.681,1.718,1.971,1.129,1.735,2.977,1.654,2.617,1.053,1.173,2.16,1.838,23.96,2.76,1.75,2.18,1.75,1.94,3.04,1.76,2.74,1.20,1.31,2.07,2.07,1.87
2016-02-07 05:15:00,22.806,2.691,1.717,1.981,1.134,1.74,3.001,1.657,2.628,1.057,1.181,2.169,1.85,23.96,2.76,1.75,2.18,1.75,1.94,3.04,1.76,2.74,1.20,1.31,2.07,2.07,1.87
2016-02-07 05:20:00,22.909,2.7,1.716,1.992,1.139,1.745,3.027,1.66,2.639,1.061,1.19,2.179,1.861,23.96,2.76,1.75,2.18,1.75,1.94,3.04,1.76,2.74,1.20,1.31,2.07,2.07,1.87
2016-02-07 05:25:00,23.009,2.71,1.715,2.002,1.144,1.75,3.053,1.662,2.65,1.065,1.198,2.188,1.872,23.96,2.76,1.75,2.18,1.75,1.94,3.04,1.76,2.74,1.20,1.31,2.07,2.07,1.87
2016-02-07 05:30:00,23.112,2.719,1.715,2.013,1.149,1.756,3.08,1.664,2.661,1.069,1.207,2.196,1.883,23.96,2.76,1.75,2.18,1.75,1.94,3.04,1.76,2.74,1.20,1.31,2.07,2.07,1.87
2016-02-07 05:35:00,23.215,2.729,1.715,2.024,1.155,1.762,3.106,1.667,2.672,1.073,1.215,2.203,1.894,23.96,2.76,1.75,2.18,1.75,1.94,3.04,1.76,2.74,1.20,1.31,2.07,2.07,1.87
2016-02-07 05:40:00,23.315,2.739,1.715,2.035,1.161,1.768,3.131,1.669,2.683,1.076,1.223,2.21,1.905,23.96,2.76,1.75,2.18,1.75,1.94,3.04,1.76,2.74,1.20,1.31,2.07,2.07,1.87
2016-02-07 05:45:00,23.413,2.749,1.716,2.047,1.167,1.774,3.155,1.672,2.693,1.08,1.23,2.215,1.915,23.96,2.76,1.75,2.18,1.75,1.94,3.04,1.76,2.74,1.20,1.31,2.07,2.07,1.87
2016-02-07 05:50:00,23.506,2.759,1.717,2.059,1.173,1.78,3.177,1.676,2.703,1.083,1.236,2.219,1.924,23.96,2.76,1.75,2.18,1.75,1.94,3.04,1.76,2.74,1.20,1.31,2.07,2.07,1.87
2016-02-07 05:55:00,23.596,2.77,1.719,2.072,1.179,1.787,3.195,1.68,2.712,1.086,1.242,2.222,1.932,23.96,2.76,1.75,2.18,1.75,1.94,3.04,1.76,2.74,1.20,1.31,2.07,2.07,1.87
2016-02-07 06:00:00,23.679,2.782,1.722,2.085,1.185,1.793,3.211,1.684,2.721,1.088,1.246,2.222,1.94,26.16,3.02,1.91,2.38,1.91,2.12,3.32,1.92,2.99,1.31,1.42,2.26,2.26,2.04
2016-02-07 06:05:00,23.755,2.794,1.725,2.099,1.191,1.799,3.223,1.689,2.729,1.09,1.249,2.22,1.947,26.16,3.02,1.91,2.38,1.91,2.12,3.32,1.92,2.99,1.31,1.42,2.26,2.26,2.04
2016-02-07 06:10:00,23.828,2.808,1.729,2.113,1.197,1.806,3.231,1.695,2.736,1.092,1.252,2.217,1.952,26.16,3.02,1.91,2.38,1.91,2.12,3.32,1.92,2.99,1.31,1.42,2.26,2.26,2.04
2016-02-07 06:15:00,23.899,2.822,1.734,2.127,1.204,1.812,3.237,1.702,2.743,1.094,1.253,2.213,1.958,26.16,3.02,1.91,2.38,1.91,2.12,3.32,1.92,2.99,1.31,1.42,2.26,2.26,2.04
2016-02-07 06:20:00,23.963,2.836,1.739,2.142,1.21,1.818,3.239,1.709,2.75,1.096,1.254,2.208,1.962,26.16,3.02,1.91,2.38,1.91,2.12,3.32,1.92,2.99,1.31,1.42,2.26,2.26,2.04
2016-02-07 06:25:00,24.034,2.852,1.745,2.158,1.218,1.825,3.24,1.717,2.757,1.098,1.255,2.202,1.967,26.16,3.02,1.91,2.38,1.91,2.12,3.32,1.92,2.99,1.31,1.42,2.26,2.26,2.04
2016-02-07 06:30:00,24.103,2.867,1.751,2.174,1.225,1.832,3.24,1.726,2.765,1.101,1.255,2.196,1.971,26.16,3.02,1.91,2.38,1.91,2.12,3.32,1.92,2.99,1.31,1.42,2.26,2.26,2.04
2016-02-07 06:35:00,24.176,2.884,1.758,2.19,1.234,1.84,3.238,1.735,2.773,1.104,1.255,2.19,1.975,26.16,3.02,1.91,2.38,1.91,2.12,3.32,1.92,2.99,1.31,1.42,2.26,2.26,2.04
2016-02-07 06:40:00,24.256,2.901,1.765,2.206,1.244,1.848,3.235,1.745,2.783,1.108,1.256,2.185,1.98,26.16,3.02,1.91,2.38,1.91,2.12,3.32,1.92,2.99,1.31,1.42,2.26,2.26,2.04
2016-02-07 06:45:00,24.343,2.918,1.772,2.223,1.254,1.856,3.233,1.756,2.794,1.113,1.257,2.182,1.985,26.16,3.02,1.91,2.38,1.91,2.12,3.32,1.92,2.99,1.31,1.42,2.26,2.26,2.04
2016-02-07 06:50:00,24.437,2.936,1.78,2.24,1.266,1.866,3.231,1.767,2.806,1.118,1.258,2.179,1.99,26.16,3.02,1.91,2.38,1.91,2.12,3.32,1.92,2.99,1.31,1.42,2.26,2.26,2.04
2016-02-07 06:55:00,24.542,2.954,1.787,2.257,1.279,1.875,3.229,1.779,2.821,1.125,1.26,2.179,1.997,26.16,3.02,1.91,2.38,1.91,2.12,3.32,1.92,2.99,1.31,1.42,2.26,2.26,2.04
2016-02-07 07:00:00,24.660,2.973,1.795,2.274,1.293,1.886,3.229,1.792,2.837,1.133,1.263,2.181,2.004,27.1,3.12,1.98,2.47,1.98,2.20,3.44,1.99,3.10,1.36,1.48,2.34,2.34,2.12
2016-02-07 07:05:00,24.789,2.992,1.803,2.291,1.309,1.897,3.23,1.805,2.856,1.142,1.267,2.185,2.012,27.1,3.12,1.98,2.47,1.98,2.20,3.44,1.99,3.10,1.36,1.48,2.34,2.34,2.12
2016-02-07 07:10:00,24.933,3.011,1.811,2.309,1.326,1.909,3.233,1.819,2.876,1.153,1.272,2.192,2.022,27.1,3.12,1.98,2.47,1.98,2.20,3.44,1.99,3.10,1.36,1.48,2.34,2.34,2.12
2016-02-07 07:15:00,25.083,3.03,1.819,2.326,1.344,1.922,3.237,1.832,2.898,1.164,1.278,2.201,2.032,27.1,3.12,1.98,2.47,1.98,2.20,3.44,1.99,3.10,1.36,1.48,2.34,2.34,2.12
2016-02-07 07:20:00,25.236,3.048,1.826,2.343,1.363,1.935,3.241,1.846,2.92,1.177,1.285,2.21,2.042,27.1,3.12,1.98,2.47,1.98,2.20,3.44,1.99,3.10,1.36,1.48,2.34,2.34,2.12
2016-02-07 07:25:00,25.392,3.066,1.834,2.36,1.382,1.948,3.246,1.859,2.942,1.189,1.292,2.221,2.053,27.1,3.12,1.98,2.47,1.98,2.20,3.44,1.99,3.10,1.36,1.48,2.34,2.34,2.12
2016-02-07 07:30:00,25.546,3.082,1.842,2.377,1.402,1.961,3.251,1.872,2.964,1.202,1.299,2.231,2.063,27.1,3.12,1.98,2.47,1.98,2.20,3.44,1.99,3.10,1.36,1.48,2.34,2.34,2.12
2016-02-07 07:35:00,25.699,3.098,1.849,2.394,1.421,1.973,3.256,1.885,2.986,1.215,1.307,2.241,2.074,27.1,3.12,1.98,2.47,1.98,2.20,3.44,1.99,3.10,1.36,1.48,2.34,2.34,2.12
2016-02-07 07:40:00,25.842,3.112,1.857,2.41,1.44,1.985,3.26,1.896,3.005,1.228,1.315,2.251,2.083,27.1,3.12,1.98,2.47,1.98,2.20,3.44,1.99,3.10,1.36,1.48,2.34,2.34,2.12
2016-02-07 07:45:00,25.974,3.124,1.864,2.425,1.458,1.997,3.262,1.907,3.023,1.24,1.323,2.259,2.092,27.1,3.12,1.98,2.47,1.98,2.20,3.44,1.99,3.10,1.36,1.48,2.34,2.34,2.12
2016-02-07 07:50:00,26.094,3.134,1.871,2.44,1.476,2.008,3.264,1.916,3.037,1.252,1.331,2.266,2.099,27.1,3.12,1.98,2.47,1.98,2.20,3.44,1.99,3.10,1.36,1.48,2.34,2.34,2.12
2016-02-07 07:55:00,26.197,3.142,1.878,2.454,1.492,2.018,3.264,1.924,3.049,1.263,1.338,2.27,2.105,27.1,3.12,1.98,2.47,1.98,2.20,3.44,1.99,3.10,1.36,1.48,2.34,2.34,2.12
2016-02-07 08:00:00,26.284,3.148,1.885,2.468,1.507,2.027,3.262,1.93,3.057,1.273,1.345,2.272,2.11,27.22,3.14,1.99,2.48,1.99,2.21,3.46,1.99,3.11,1.36,1.48,2.35,2.35,2.13
2016-02-07 08:05:00,26.348,3.151,1.891,2.481,1.52,2.035,3.258,1.934,3.061,1.282,1.351,2.271,2.113,27.22,3.14,1.99,2.48,1.99,2.21,3.46,1.99,3.11,1.36,1.48,2.35,2.35,2.13
2016-02-07 08:10:00,26.391,3.151,1.898,2.493,1.532,2.041,3.252,1.937,3.061,1.289,1.357,2.266,2.114,27.22,3.14,1.99,2.48,1.99,2.21,3.46,1.99,3.11,1.36,1.48,2.35,2.35,2.13
2016-02-07 08:15:00,26.418,3.149,1.904,2.503,1.542,2.047,3.244,1.939,3.058,1.295,1.363,2.26,2.114,27.22,3.14,1.99,2.48,1.99,2.21,3.46,1.99,3.11,1.36,1.48,2.35,2.35,2.13
2016-02-07 08:20:00,26.427,3.145,1.91,2.513,1.551,2.052,3.235,1.939,3.052,1.3,1.368,2.25,2.112,27.22,3.14,1.99,2.48,1.99,2.21,3.46,1.99,3.11,1.36,1.48,2.35,2.35,2.13
2016-02-07 08:25:00,26.425,3.14,1.915,2.521,1.559,2.056,3.225,1.939,3.044,1.304,1.373,2.239,2.11,27.22,3.14,1.99,2.48,1.99,2.21,3.46,1.99,3.11,1.36,1.48,2.35,2.35,2.13
2016-02-07 08:30:00,26.412,3.133,1.921,2.527,1.565,2.059,3.215,1.938,3.035,1.308,1.377,2.227,2.107,27.22,3.14,1.99,2.48,1.99,2.21,3.46,1.99,3.11,1.36,1.48,2.35,2.35,2.13
2016-02-07 08:35:00,26.392,3.125,1.926,2.532,1.571,2.062,3.205,1.937,3.025,1.31,1.382,2.213,2.104,27.22,3.14,1.99,2.48,1.99,2.21,3.46,1.99,3.11,1.36,1.48,2.35,2.35,2.13
2016-02-07 08:40:00,26.365,3.116,1.932,2.534,1.576,2.065,3.195,1.937,3.014,1.312,1.386,2.198,2.1,27.22,3.14,1.99,2.48,1.99,2.21,3.46,1.99,3.11,1.36,1.48,2.35,2.35,2.13
2016-02-07 08:45:00,26.334,3.106,1.937,2.535,1.581,2.067,3.186,1.936,3.004,1.313,1.39,2.182,2.097,27.22,3.14,1.99,2.48,1.99,2.21,3.46,1.99,3.11,1.36,1.48,2.35,2.35,2.13
2016-02-07 08:50:00,26.307,3.096,1.942,2.534,1.585,2.07,3.178,1.937,2.995,1.314,1.395,2.167,2.094,27.22,3.14,1.99,2.48,1.99,2.21,3.46,1.99,3.11,1.36,1.48,2.35,2.35,2.13
2016-02-07 08:55:00,26.278,3.086,1.948,2.53,1.589,2.073,3.172,1.938,2.986,1.314,1.399,2.151,2.092,27.22,3.14,1.99,2.48,1.99,2.21,3.46,1.99,3.11,1.36,1.48,2.35,2.35,2.13
2016-02-07 09:00:00,26.252,3.076,1.953,2.523,1.592,2.076,3.167,1.941,2.98,1.314,1.404,2.135,2.091,27.38,3.16,2.00,2.49,2.00,2.22,3.48,2.01,3.13,1.37,1.49,2.37,2.37,2.14
2016-02-07 09:05:00,26.233,3.066,1.958,2.514,1.595,2.08,3.165,1.945,2.976,1.314,1.409,2.12,2.091,27.38,3.16,2.00,2.49,2.00,2.22,3.48,2.01,3.13,1.37,1.49,2.37,2.37,2.14
2016-02-07 09:10:00,26.219,3.057,1.964,2.502,1.599,2.083,3.164,1.951,2.974,1.313,1.414,2.106,2.092,27.38,3.16,2.00,2.49,2.00,2.22,3.48,2.01,3.13,1.37,1.49,2.37,2.37,2.14
2016-02-07 09:15:00,26.209,3.049,1.97,2.489,1.602,2.087,3.165,1.957,2.974,1.312,1.419,2.092,2.093,27.38,3.16,2.00,2.49,2.00,2.22,3.48,2.01,3.13,1.37,1.49,2.37,2.37,2.14
2016-02-07 09:20:00,26.207,3.041,1.975,2.475,1.606,2.092,3.168,1.965,2.975,1.311,1.425,2.079,2.095,27.38,3.16,2.00,2.49,2.00,2.22,3.48,2.01,3.13,1.37,1.49,2.37,2.37,2.14
2016-02-07 09:25:00,26.204,3.033,1.981,2.46,1.609,2.096,3.171,1.973,2.978,1.31,1.43,2.066,2.097,27.38,3.16,2.00,2.49,2.00,2.22,3.48,2.01,3.13,1.37,1.49,2.37,2.37,2.14
2016-02-07 09:30:00,26.207,3.027,1.987,2.444,1.613,2.1,3.175,1.981,2.982,1.309,1.435,2.054,2.1,27.38,3.16,2.00,2.49,2.00,2.22,3.48,2.01,3.13,1.37,1.49,2.37,2.37,2.14
2016-02-07 09:35:00,26.209,3.021,1.993,2.429,1.616,2.103,3.179,1.99,2.986,1.307,1.44,2.043,2.102,27.38,3.16,2.00,2.49,2.00,2.22,3.48,2.01,3.13,1.37,1.49,2.37,2.37,2.14
2016-02-07 09:40:00,26.214,3.015,2,2.414,1.62,2.107,3.183,1.998,2.99,1.306,1.445,2.033,2.103,27.38,3.16,2.00,2.49,2.00,2.22,3.48,2.01,3.13,1.37,1.49,2.37,2.37,2.14
2016-02-07 09:45:00,26.218,3.01,2.006,2.401,1.624,2.11,3.186,2.006,2.994,1.304,1.449,2.023,2.105,27.38,3.16,2.00,2.49,2.00,2.22,3.48,2.01,3.13,1.37,1.49,2.37,2.37,2.14
2016-02-07 09:50:00,26.223,3.006,2.013,2.389,1.628,2.112,3.188,2.014,2.998,1.303,1.453,2.014,2.105,27.38,3.16,2.00,2.49,2.00,2.22,3.48,2.01,3.13,1.37,1.49,2.37,2.37,2.14
2016-02-07 09:55:00,26.225,3.003,2.02,2.379,1.632,2.113,3.189,2.02,3.001,1.301,1.457,2.006,2.104,27.38,3.16,2.00,2.49,2.00,2.22,3.48,2.01,3.13,1.37,1.49,2.37,2.37,2.14
2016-02-07 10:00:00,26.229,3.001,2.027,2.372,1.637,2.114,3.189,2.026,3.003,1.3,1.46,1.998,2.102,27.26,3.14,1.99,2.48,1.99,2.21,3.46,2.00,3.11,1.37,1.48,2.36,2.36,2.13
2016-02-07 10:05:00,26.23,3,2.034,2.368,1.642,2.114,3.187,2.03,3.004,1.299,1.462,1.991,2.099,27.26,3.14,1.99,2.48,1.99,2.21,3.46,2.00,3.11,1.37,1.48,2.36,2.36,2.13
2016-02-07 10:10:00,26.226,2.999,2.042,2.366,1.647,2.113,3.183,2.033,3.003,1.297,1.464,1.985,2.094,27.26,3.14,1.99,2.48,1.99,2.21,3.46,2.00,3.11,1.37,1.48,2.36,2.36,2.13
2016-02-07 10:15:00,26.223,2.999,2.049,2.367,1.652,2.111,3.178,2.035,3.002,1.296,1.466,1.98,2.088,27.26,3.14,1.99,2.48,1.99,2.21,3.46,2.00,3.11,1.37,1.48,2.36,2.36,2.13
2016-02-07 10:20:00,26.217,2.999,2.056,2.369,1.656,2.109,3.172,2.036,3,1.295,1.467,1.976,2.082,27.26,3.14,1.99,2.48,1.99,2.21,3.46,2.00,3.11,1.37,1.48,2.36,2.36,2.13
2016-02-07 10:25:00,26.210,2.999,2.063,2.373,1.661,2.106,3.165,2.036,2.998,1.294,1.469,1.972,2.074,27.26,3.14,1.99,2.48,1.99,2.21,3.46,2.00,3.11,1.37,1.48,2.36,2.36,2.13
2016-02-07 10:30:00,26.202,3,2.069,2.377,1.665,2.103,3.158,2.034,2.996,1.293,1.47,1.97,2.067,27.26,3.14,1.99,2.48,1.99,2.21,3.46,2.00,3.11,1.37,1.48,2.36,2.36,2.13
2016-02-07 10:35:00,26.193,3,2.075,2.382,1.668,2.1,3.151,2.032,2.994,1.292,1.471,1.968,2.06,27.26,3.14,1.99,2.48,1.99,2.21,3.46,2.00,3.11,1.37,1.48,2.36,2.36,2.13
2016-02-07 10:40:00,26.183,3,2.08,2.387,1.67,2.098,3.145,2.028,2.992,1.291,1.472,1.968,2.052,27.26,3.14,1.99,2.48,1.99,2.21,3.46,2.00,3.11,1.37,1.48,2.36,2.36,2.13
2016-02-07 10:45:00,26.174,3,2.083,2.392,1.672,2.095,3.139,2.024,2.991,1.29,1.473,1.969,2.046,27.26,3.14,1.99,2.48,1.99,2.21,3.46,2.00,3.11,1.37,1.48,2.36,2.36,2.13
2016-02-07 10:50:00,26.165,2.999,2.086,2.396,1.672,2.093,3.135,2.018,2.991,1.29,1.475,1.971,2.039,27.26,3.14,1.99,2.48,1.99,2.21,3.46,2.00,3.11,1.37,1.48,2.36,2.36,2.13
2016-02-07 10:55:00,26.155,2.997,2.087,2.398,1.671,2.092,3.132,2.012,2.992,1.289,1.477,1.974,2.034,27.26,3.14,1.99,2.48,1.99,2.21,3.46,2.00,3.11,1.37,1.48,2.36,2.36,2.13
2016-02-07 11:00:00,26.147,2.995,2.087,2.399,1.669,2.091,3.131,2.005,2.994,1.288,1.48,1.978,2.03,27.08,3.12,1.98,2.47,1.98,2.20,3.44,1.98,3.09,1.36,1.48,2.34,2.34,2.12
2016-02-07 11:05:00,26.139,2.992,2.085,2.398,1.665,2.091,3.132,1.997,2.998,1.287,1.483,1.984,2.027,27.08,3.12,1.98,2.47,1.98,2.20,3.44,1.98,3.09,1.36,1.48,2.34,2.34,2.12
2016-02-07 11:10:00,26.133,2.987,2.082,2.395,1.66,2.092,3.135,1.989,3.003,1.287,1.487,1.99,2.026,27.08,3.12,1.98,2.47,1.98,2.20,3.44,1.98,3.09,1.36,1.48,2.34,2.34,2.12
2016-02-07 11:15:00,26.128,2.982,2.078,2.39,1.654,2.094,3.139,1.98,3.01,1.286,1.492,1.998,2.025,27.08,3.12,1.98,2.47,1.98,2.20,3.44,1.98,3.09,1.36,1.48,2.34,2.34,2.12
2016-02-07 11:20:00,26.121,2.976,2.072,2.384,1.647,2.096,3.145,1.972,3.017,1.285,1.496,2.006,2.025,27.08,3.12,1.98,2.47,1.98,2.20,3.44,1.98,3.09,1.36,1.48,2.34,2.34,2.12
2016-02-07 11:25:00,26.115,2.969,2.066,2.377,1.639,2.098,3.151,1.964,3.025,1.285,1.501,2.014,2.026,27.08,3.12,1.98,2.47,1.98,2.20,3.44,1.98,3.09,1.36,1.48,2.34,2.34,2.12
2016-02-07 11:30:00,26.11,2.962,2.059,2.37,1.63,2.101,3.158,1.956,3.033,1.284,1.507,2.023,2.027,27.08,3.12,1.98,2.47,1.98,2.20,3.44,1.98,3.09,1.36,1.48,2.34,2.34,2.12
2016-02-07 11:35:00,26.106,2.955,2.052,2.362,1.621,2.104,3.165,1.949,3.042,1.284,1.512,2.031,2.029,27.08,3.12,1.98,2.47,1.98,2.20,3.44,1.98,3.09,1.36,1.48,2.34,2.34,2.12
2016-02-07 11:40:00,26.103,2.947,2.045,2.354,1.612,2.108,3.172,1.944,3.051,1.283,1.517,2.039,2.031,27.08,3.12,1.98,2.47,1.98,2.20,3.44,1.98,3.09,1.36,1.48,2.34,2.34,2.12
2016-02-07 11:45:00,26.098,2.939,2.038,2.346,1.603,2.111,3.179,1.94,3.059,1.283,1.522,2.046,2.032,27.08,3.12,1.98,2.47,1.98,2.20,3.44,1.98,3.09,1.36,1.48,2.34,2.34,2.12
2016-02-07 11:50:00,26.094,2.93,2.031,2.339,1.594,2.114,3.185,1.937,3.067,1.283,1.527,2.053,2.034,27.08,3.12,1.98,2.47,1.98,2.20,3.44,1.98,3.09,1.36,1.48,2.34,2.34,2.12
2016-02-07 11:55:00,26.091,2.922,2.025,2.333,1.585,2.117,3.19,1.937,3.074,1.283,1.532,2.058,2.035,27.08,3.12,1.98,2.47,1.98,2.20,3.44,1.98,3.09,1.36,1.48,2.34,2.34,2.12
2016-02-07 12:00:00,26.085,2.914,2.019,2.328,1.577,2.119,3.193,1.939,3.08,1.283,1.536,2.062,2.035,26.82,3.09,1.96,2.44,1.96,2.18,3.41,1.97,3.06,1.34,1.46,2.32,2.32,2.10
2016-02-07 12:05:00,26.08,2.906,2.014,2.324,1.57,2.121,3.195,1.943,3.085,1.283,1.54,2.064,2.035,26.82,3.09,1.96,2.44,1.96,2.18,3.41,1.97,3.06,1.34,1.46,2.32,2.32,2.10
2016-02-07 12:10:00,26.074,2.898,2.01,2.322,1.563,2.122,3.195,1.95,3.089,1.284,1.543,2.065,2.033,26.82,3.09,1.96,2.44,1.96,2.18,3.41,1.97,3.06,1.34,1.46,2.32,2.32,2.10
2016-02-07 12:15:00,26.070,2.891,2.007,2.321,1.557,2.124,3.193,1.958,3.091,1.284,1.546,2.066,2.032,26.82,3.09,1.96,2.44,1.96,2.18,3.41,1.97,3.06,1.34,1.46,2.32,2.32,2.10
2016-02-07 12:20:00,26.063,2.884,2.004,2.32,1.552,2.124,3.191,1.967,3.093,1.285,1.548,2.065,2.03,26.82,3.09,1.96,2.44,1.96,2.18,3.41,1.97,3.06,1.34,1.46,2.32,2.32,2.10
2016-02-07 12:25:00,26.057,2.878,2.002,2.32,1.548,2.125,3.187,1.977,3.094,1.286,1.55,2.063,2.027,26.82,3.09,1.96,2.44,1.96,2.18,3.41,1.97,3.06,1.34,1.46,2.32,2.32,2.10
2016-02-07 12:30:00,26.052,2.872,2,2.321,1.545,2.126,3.183,1.987,3.094,1.287,1.551,2.062,2.024,26.82,3.09,1.96,2.44,1.96,2.18,3.41,1.97,3.06,1.34,1.46,2.32,2.32,2.10
2016-02-07 12:35:00,26.046,2.866,1.999,2.322,1.543,2.126,3.178,1.997,3.094,1.288,1.552,2.06,2.021,26.82,3.09,1.96,2.44,1.96,2.18,3.41,1.97,3.06,1.34,1.46,2.32,2.32,2.10
2016-02-07 12:40:00,26.040,2.861,1.997,2.324,1.542,2.127,3.172,2.006,3.093,1.289,1.552,2.059,2.018,26.82,3.09,1.96,2.44,1.96,2.18,3.41,1.97,3.06,1.34,1.46,2.32,2.32,2.10
2016-02-07 12:45:00,26.035,2.857,1.996,2.325,1.542,2.127,3.166,2.013,3.092,1.291,1.552,2.058,2.016,26.82,3.09,1.96,2.44,1.96,2.18,3.41,1.97,3.06,1.34,1.46,2.32,2.32,2.10
2016-02-07 12:50:00,26.030,2.854,1.995,2.326,1.543,2.128,3.159,2.019,3.091,1.292,1.552,2.058,2.013,26.82,3.09,1.96,2.44,1.96,2.18,3.41,1.97,3.06,1.34,1.46,2.32,2.32,2.10
2016-02-07 12:55:00,26.027,2.852,1.994,2.326,1.545,2.129,3.153,2.023,3.09,1.294,1.551,2.059,2.011,26.82,3.09,1.96,2.44,1.96,2.18,3.41,1.97,3.06,1.34,1.46,2.32,2.32,2.10
2016-02-07 13:00:00,26.021,2.85,1.992,2.326,1.548,2.13,3.147,2.024,3.088,1.296,1.55,2.061,2.009,26.7,3.08,1.95,2.43,1.95,2.17,3.39,1.96,3.05,1.34,1.45,2.31,2.31,2.09
2016-02-07 13:05:00,26.017,2.849,1.99,2.325,1.552,2.132,3.141,2.022,3.087,1.298,1.548,2.065,2.008,26.7,3.08,1.95,2.43,1.95,2.17,3.39,1.96,3.05,1.34,1.45,2.31,2.31,2.09
2016-02-07 13:10:00,26.015,2.85,1.988,2.324,1.558,2.134,3.136,2.017,3.085,1.3,1.546,2.07,2.007,26.7,3.08,1.95,2.43,1.95,2.17,3.39,1.96,3.05,1.34,1.45,2.31,2.31,2.09
2016-02-07 13:15:00,26.014,2.851,1.986,2.322,1.563,2.136,3.131,2.01,3.084,1.303,1.544,2.077,2.007,26.7,3.08,1.95,2.43,1.95,2.17,3.39,1.96,3.05,1.34,1.45,2.31,2.31,2.09
2016-02-07 13:20:00,26.014,2.853,1.983,2.32,1.569,2.138,3.127,2.001,3.083,1.305,1.542,2.085,2.008,26.7,3.08,1.95,2.43,1.95,2.17,3.39,1.96,3.05,1.34,1.45,2.31,2.31,2.09
2016-02-07 13:25:00,26.016,2.855,1.98,2.318,1.575,2.141,3.124,1.991,3.082,1.308,1.539,2.094,2.009,26.7,3.08,1.95,2.43,1.95,2.17,3.39,1.96,3.05,1.34,1.45,2.31,2.31,2.09
2016-02-07 13:30:00,26.024,2.859,1.977,2.317,1.581,2.145,3.121,1.979,3.082,1.311,1.537,2.105,2.01,26.7,3.08,1.95,2.43,1.95,2.17,3.39,1.96,3.05,1.34,1.45,2.31,2.31,2.09
2016-02-07 13:35:00,26.034,2.862,1.975,2.316,1.586,2.148,3.12,1.967,3.082,1.314,1.534,2.117,2.013,26.7,3.08,1.95,2.43,1.95,2.17,3.39,1.96,3.05,1.34,1.45,2.31,2.31,2.09
2016-02-07 13:40:00,26.051,2.867,1.972,2.316,1.59,2.153,3.12,1.955,3.082,1.318,1.532,2.13,2.016,26.7,3.08,1.95,2.43,1.95,2.17,3.39,1.96,3.05,1.34,1.45,2.31,2.31,2.09
2016-02-07 13:45:00,26.070,2.872,1.969,2.318,1.592,2.157,3.122,1.942,3.083,1.321,1.53,2.144,2.02,26.7,3.08,1.95,2.43,1.95,2.17,3.39,1.96,3.05,1.34,1.45,2.31,2.31,2.09
2016-02-07 13:50:00,26.093,2.877,1.966,2.321,1.593,2.162,3.124,1.93,3.084,1.325,1.528,2.159,2.024,26.7,3.08,1.95,2.43,1.95,2.17,3.39,1.96,3.05,1.34,1.45,2.31,2.31,2.09
2016-02-07 13:55:00,26.122,2.882,1.963,2.325,1.592,2.167,3.129,1.92,3.086,1.329,1.526,2.174,2.029,26.7,3.08,1.95,2.43,1.95,2.17,3.39,1.96,3.05,1.34,1.45,2.31,2.31,2.09
2016-02-07 14:00:00,26.159,2.888,1.961,2.331,1.589,2.172,3.135,1.91,3.088,1.334,1.525,2.191,2.035,26.74,3.08,1.95,2.44,1.95,2.17,3.40,1.96,3.05,1.34,1.46,2.31,2.31,2.09
2016-02-07 14:05:00,26.202,2.894,1.959,2.339,1.583,2.178,3.143,1.902,3.091,1.339,1.524,2.208,2.042,26.74,3.08,1.95,2.44,1.95,2.17,3.40,1.96,3.05,1.34,1.46,2.31,2.31,2.09
2016-02-07 14:10:00,26.251,2.9,1.957,2.349,1.575,2.184,3.153,1.896,3.094,1.344,1.524,2.226,2.049,26.74,3.08,1.95,2.44,1.95,2.17,3.40,1.96,3.05,1.34,1.46,2.31,2.31,2.09
2016-02-07 14:15:00,26.306,2.907,1.955,2.361,1.566,2.19,3.163,1.892,3.098,1.349,1.524,2.244,2.057,26.74,3.08,1.95,2.44,1.95,2.17,3.40,1.96,3.05,1.34,1.46,2.31,2.31,2.09
2016-02-07 14:20:00,26.367,2.914,1.954,2.374,1.555,2.197,3.176,1.889,3.102,1.355,1.524,2.262,2.065,26.74,3.08,1.95,2.44,1.95,2.17,3.40,1.96,3.05,1.34,1.46,2.31,2.31,2.09
2016-02-07 14:25:00,26.433,2.921,1.952,2.388,1.544,2.205,3.188,1.888,3.107,1.361,1.525,2.28,2.074,26.74,3.08,1.95,2.44,1.95,2.17,3.40,1.96,3.05,1.34,1.46,2.31,2.31,2.09
2016-02-07 14:30:00,26.507,2.929,1.952,2.403,1.532,2.213,3.202,1.889,3.112,1.367,1.527,2.297,2.084,26.74,3.08,1.95,2.44,1.95,2.17,3.40,1.96,3.05,1.34,1.46,2.31,2.31,2.09
2016-02-07 14:35:00,26.583,2.938,1.951,2.418,1.52,2.222,3.216,1.892,3.117,1.373,1.528,2.314,2.094,26.74,3.08,1.95,2.44,1.95,2.17,3.40,1.96,3.05,1.34,1.46,2.31,2.31,2.09
2016-02-07 14:40:00,26.665,2.947,1.951,2.434,1.509,2.232,3.23,1.896,3.123,1.379,1.53,2.329,2.105,26.74,3.08,1.95,2.44,1.95,2.17,3.40,1.96,3.05,1.34,1.46,2.31,2.31,2.09
2016-02-07 14:45:00,26.754,2.957,1.952,2.449,1.499,2.243,3.244,1.902,3.129,1.386,1.533,2.344,2.116,26.74,3.08,1.95,2.44,1.95,2.17,3.40,1.96,3.05,1.34,1.46,2.31,2.31,2.09
2016-02-07 14:50:00,26.845,2.968,1.953,2.465,1.491,2.254,3.258,1.909,3.135,1.393,1.535,2.357,2.127,26.74,3.08,1.95,2.44,1.95,2.17,3.40,1.96,3.05,1.34,1.46,2.31,2.31,2.09
2016-02-07 14:55:00,26.941,2.98,1.954,2.48,1.484,2.267,3.272,1.918,3.141,1.4,1.538,2.368,2.139,26.74,3.08,1.95,2.44,1.95,2.17,3.40,1.96,3.05,1.34,1.46,2.31,2.31,2.09
2016-02-07 15:00:00,27.039,2.993,1.956,2.494,1.48,2.28,3.284,1.929,3.147,1.407,1.541,2.377,2.151,27.12,3.13,1.98,2.47,1.98,2.20,3.44,1.99,3.10,1.36,1.48,2.35,2.35,2.12
2016-02-07 15:05:00,27.141,3.007,1.958,2.507,1.479,2.295,3.296,1.941,3.153,1.414,1.544,2.384,2.163,27.12,3.13,1.98,2.47,1.98,2.20,3.44,1.99,3.10,1.36,1.48,2.35,2.35,2.12
2016-02-07 15:10:00,27.251,3.022,1.962,2.52,1.48,2.31,3.306,1.955,3.16,1.422,1.548,2.39,2.176,27.12,3.13,1.98,2.47,1.98,2.20,3.44,1.99,3.10,1.36,1.48,2.35,2.35,2.12
2016-02-07 15:15:00,27.367,3.038,1.965,2.533,1.484,2.327,3.317,1.97,3.167,1.43,1.552,2.394,2.19,27.12,3.13,1.98,2.47,1.98,2.20,3.44,1.99,3.10,1.36,1.48,2.35,2.35,2.12
2016-02-07 15:20:00,27.488,3.056,1.969,2.546,1.49,2.345,3.327,1.986,3.174,1.438,1.556,2.397,2.204,27.12,3.13,1.98,2.47,1.98,2.20,3.44,1.99,3.10,1.36,1.48,2.35,2.35,2.12
2016-02-07 15:25:00,27.620,3.075,1.974,2.559,1.498,2.365,3.336,2.003,3.182,1.448,1.561,2.4,2.219,27.12,3.13,1.98,2.47,1.98,2.20,3.44,1.99,3.10,1.36,1.48,2.35,2.35,2.12
2016-02-07 15:30:00,27.767,3.096,1.979,2.574,1.508,2.386,3.347,2.022,3.191,1.458,1.567,2.404,2.235,27.12,3.13,1.98,2.47,1.98,2.20,3.44,1.99,3.10,1.36,1.48,2.35,2.35,2.12
2016-02-07 15:35:00,27.925,3.118,1.985,2.591,1.52,2.409,3.357,2.041,3.201,1.47,1.573,2.408,2.252,27.12,3.13,1.98,2.47,1.98,2.20,3.44,1.99,3.10,1.36,1.48,2.35,2.35,2.12
2016-02-07 15:40:00,28.099,3.143,1.992,2.609,1.533,2.434,3.369,2.061,3.213,1.483,1.579,2.413,2.27,27.12,3.13,1.98,2.47,1.98,2.20,3.44,1.99,3.10,1.36,1.48,2.35,2.35,2.12
2016-02-07 15:45:00,28.286,3.169,1.999,2.63,1.548,2.46,3.381,2.081,3.225,1.497,1.586,2.42,2.29,27.12,3.13,1.98,2.47,1.98,2.20,3.44,1.99,3.10,1.36,1.48,2.35,2.35,2.12
2016-02-07 15:50:00,28.496,3.198,2.007,2.654,1.564,2.488,3.395,2.102,3.24,1.513,1.594,2.43,2.311,27.12,3.13,1.98,2.47,1.98,2.20,3.44,1.99,3.10,1.36,1.48,2.35,2.35,2.12
2016-02-07 15:55:00,28.724,3.229,2.016,2.681,1.581,2.518,3.41,2.123,3.256,1.531,1.603,2.442,2.334,27.12,3.13,1.98,2.47,1.98,2.20,3.44,1.99,3.10,1.36,1.48,2.35,2.35,2.12
2016-02-07 16:00:00,28.974,3.262,2.025,2.712,1.599,2.55,3.427,2.145,3.274,1.551,1.613,2.457,2.359,27.88,3.21,2.04,2.54,2.04,2.26,3.54,2.04,3.18,1.40,1.52,2.41,2.41,2.18
2016-02-07 16:05:00,29.247,3.298,2.035,2.747,1.617,2.584,3.446,2.167,3.294,1.573,1.624,2.476,2.386,27.88,3.21,2.04,2.54,2.04,2.26,3.54,2.04,3.18,1.40,1.52,2.41,2.41,2.18
2016-02-07 16:10:00,29.535,3.335,2.045,2.785,1.636,2.62,3.466,2.188,3.316,1.597,1.635,2.498,2.414,27.88,3.21,2.04,2.54,2.04,2.26,3.54,2.04,3.18,1.40,1.52,2.41,2.41,2.18
2016-02-07 16:15:00,29.840,3.374,2.056,2.826,1.655,2.657,3.488,2.21,3.34,1.622,1.647,2.522,2.443,27.88,3.21,2.04,2.54,2.04,2.26,3.54,2.04,3.18,1.40,1.52,2.41,2.41,2.18
2016-02-07 16:20:00,30.155,3.414,2.067,2.869,1.675,2.694,3.511,2.232,3.365,1.648,1.659,2.548,2.473,27.88,3.21,2.04,2.54,2.04,2.26,3.54,2.04,3.18,1.40,1.52,2.41,2.41,2.18
2016-02-07 16:25:00,30.475,3.455,2.078,2.913,1.694,2.732,3.534,2.253,3.39,1.675,1.672,2.576,2.503,27.88,3.21,2.04,2.54,2.04,2.26,3.54,2.04,3.18,1.40,1.52,2.41,2.41,2.18
2016-02-07 16:30:00,30.794,3.496,2.088,2.957,1.713,2.769,3.557,2.274,3.417,1.702,1.684,2.605,2.532,27.88,3.21,2.04,2.54,2.04,2.26,3.54,2.04,3.18,1.40,1.52,2.41,2.41,2.18
2016-02-07 16:35:00,31.112,3.536,2.098,3.001,1.732,2.806,3.58,2.294,3.444,1.729,1.697,2.634,2.561,27.88,3.21,2.04,2.54,2.04,2.26,3.54,2.04,3.18,1.40,1.52,2.41,2.41,2.18
2016-02-07 16:40:00,31.421,3.575,2.108,3.043,1.75,2.841,3.602,2.314,3.472,1.756,1.709,2.663,2.588,27.88,3.21,2.04,2.54,2.04,2.26,3.54,2.04,3.18,1.40,1.52,2.41,2.41,2.18
2016-02-07 16:45:00,31.719,3.613,2.117,3.084,1.767,2.875,3.623,2.333,3.499,1.782,1.721,2.691,2.614,27.88,3.21,2.04,2.54,2.04,2.26,3.54,2.04,3.18,1.40,1.52,2.41,2.41,2.18
2016-02-07 16:50:00,32.000,3.648,2.125,3.121,1.784,2.906,3.643,2.351,3.527,1.807,1.733,2.718,2.637,27.88,3.21,2.04,2.54,2.04,2.26,3.54,2.04,3.18,1.40,1.52,2.41,2.41,2.18
2016-02-07 16:55:00,32.259,3.682,2.132,3.155,1.8,2.935,3.66,2.369,3.553,1.83,1.743,2.743,2.657,27.88,3.21,2.04,2.54,2.04,2.26,3.54,2.04,3.18,1.40,1.52,2.41,2.41,2.18
2016-02-07 17:00:00,32.493,3.712,2.138,3.185,1.814,2.96,3.676,2.385,3.579,1.851,1.753,2.766,2.674,29.06,3.35,2.12,2.65,2.12,2.36,3.69,2.13,3.32,1.46,1.58,2.51,2.51,2.27
2016-02-07 17:05:00,32.698,3.739,2.142,3.21,1.827,2.982,3.689,2.4,3.604,1.87,1.762,2.786,2.687,29.06,3.35,2.12,2.65,2.12,2.36,3.69,2.13,3.32,1.46,1.58,2.51,2.51,2.27
2016-02-07 17:10:00,32.877,3.763,2.146,3.23,1.839,3,3.7,2.415,3.627,1.887,1.769,2.803,2.698,29.06,3.35,2.12,2.65,2.12,2.36,3.69,2.13,3.32,1.46,1.58,2.51,2.51,2.27
2016-02-07 17:15:00,33.024,3.783,2.148,3.245,1.85,3.015,3.708,2.428,3.649,1.901,1.776,2.817,2.704,29.06,3.35,2.12,2.65,2.12,2.36,3.69,2.13,3.32,1.46,1.58,2.51,2.51,2.27
2016-02-07 17:20:00,33.151,3.801,2.149,3.257,1.859,3.027,3.714,2.44,3.67,1.914,1.782,2.829,2.709,29.06,3.35,2.12,2.65,2.12,2.36,3.69,2.13,3.32,1.46,1.58,2.51,2.51,2.27
2016-02-07 17:25:00,33.254,3.816,2.15,3.265,1.868,3.036,3.719,2.451,3.688,1.925,1.787,2.839,2.71,29.06,3.35,2.12,2.65,2.12,2.36,3.69,2.13,3.32,1.46,1.58,2.51,2.51,2.27
2016-02-07 17:30:00,33.334,3.828,2.15,3.27,1.875,3.043,3.721,2.46,3.705,1.934,1.791,2.847,2.71,29.06,3.35,2.12,2.65,2.12,2.36,3.69,2.13,3.32,1.46,1.58,2.51,2.51,2.27
2016-02-07 17:35:00,33.394,3.837,2.15,3.272,1.882,3.047,3.722,2.469,3.719,1.941,1.795,2.853,2.707,29.06,3.35,2.12,2.65,2.12,2.36,3.69,2.13,3.32,1.46,1.58,2.51,2.51,2.27
2016-02-07 17:40:00,33.435,3.844,2.149,3.273,1.888,3.049,3.721,2.476,3.732,1.946,1.797,2.857,2.703,29.06,3.35,2.12,2.65,2.12,2.36,3.69,2.13,3.32,1.46,1.58,2.51,2.51,2.27
2016-02-07 17:45:00,33.462,3.849,2.149,3.271,1.893,3.05,3.718,2.482,3.741,1.951,1.8,2.86,2.698,29.06,3.35,2.12,2.65,2.12,2.36,3.69,2.13,3.32,1.46,1.58,2.51,2.51,2.27
2016-02-07 17:50:00,33.470,3.851,2.149,3.268,1.897,3.048,3.715,2.487,3.748,1.953,1.801,2.861,2.692,29.06,3.35,2.12,2.65,2.12,2.36,3.69,2.13,3.32,1.46,1.58,2.51,2.51,2.27
2016-02-07 17:55:00,33.467,3.851,2.15,3.264,1.901,3.045,3.71,2.491,3.752,1.955,1.802,2.861,2.685,29.06,3.35,2.12,2.65,2.12,2.36,3.69,2.13,3.32,1.46,1.58,2.51,2.51,2.27
2016-02-07 18:00:00,33.452,3.85,2.151,3.259,1.904,3.041,3.704,2.494,3.753,1.955,1.803,2.86,2.678,29.74,3.43,2.17,2.71,2.17,2.41,3.78,2.18,3.40,1.49,1.62,2.57,2.57,2.32
2016-02-07 18:05:00,33.426,3.847,2.153,3.254,1.907,3.036,3.697,2.495,3.751,1.954,1.803,2.858,2.671,29.74,3.43,2.17,2.71,2.17,2.41,3.78,2.18,3.40,1.49,1.62,2.57,2.57,2.32
2016-02-07 18:10:00,33.393,3.842,2.156,3.249,1.909,3.03,3.69,2.496,3.746,1.952,1.803,2.856,2.664,29.74,3.43,2.17,2.71,2.17,2.41,3.78,2.18,3.40,1.49,1.62,2.57,2.57,2.32
2016-02-07 18:15:00,33.347,3.836,2.159,3.243,1.91,3.023,3.682,2.495,3.738,1.95,1.803,2.852,2.656,29.74,3.43,2.17,2.71,2.17,2.41,3.78,2.18,3.40,1.49,1.62,2.57,2.57,2.32
2016-02-07 18:20:00,33.294,3.828,2.162,3.238,1.911,3.015,3.673,2.494,3.728,1.946,1.802,2.848,2.649,29.74,3.43,2.17,2.71,2.17,2.41,3.78,2.18,3.40,1.49,1.62,2.57,2.57,2.32
2016-02-07 18:25:00,33.233,3.82,2.166,3.232,1.911,3.007,3.664,2.491,3.716,1.942,1.8,2.843,2.641,29.74,3.43,2.17,2.71,2.17,2.41,3.78,2.18,3.40,1.49,1.62,2.57,2.57,2.32
2016-02-07 18:30:00,33.166,3.81,2.17,3.225,1.911,2.998,3.655,2.488,3.702,1.938,1.798,2.837,2.634,29.74,3.43,2.17,2.71,2.17,2.41,3.78,2.18,3.40,1.49,1.62,2.57,2.57,2.32
2016-02-07 18:35:00,33.092,3.799,2.175,3.218,1.91,2.989,3.645,2.484,3.688,1.933,1.795,2.83,2.626,29.74,3.43,2.17,2.71,2.17,2.41,3.78,2.18,3.40,1.49,1.62,2.57,2.57,2.32
2016-02-07 18:40:00,33.01,3.788,2.179,3.21,1.908,2.98,3.635,2.479,3.672,1.927,1.792,2.822,2.618,29.74,3.43,2.17,2.71,2.17,2.41,3.78,2.18,3.40,1.49,1.62,2.57,2.57,2.32
2016-02-07 18:45:00,32.925,3.777,2.183,3.202,1.905,2.97,3.626,2.474,3.655,1.922,1.788,2.814,2.609,29.74,3.43,2.17,2.71,2.17,2.41,3.78,2.18,3.40,1.49,1.62,2.57,2.57,2.32
2016-02-07 18:50:00,32.836,3.765,2.186,3.194,1.901,2.961,3.616,2.469,3.639,1.916,1.784,2.804,2.601,29.74,3.43,2.17,2.71,2.17,2.41,3.78,2.18,3.40,1.49,1.62,2.57,2.57,2.32
2016-02-07 18:55:00,32.740,3.752,2.189,3.184,1.897,2.951,3.606,2.463,3.622,1.911,1.779,2.794,2.592,29.74,3.43,2.17,2.71,2.17,2.41,3.78,2.18,3.40,1.49,1.62,2.57,2.57,2.32
2016-02-07 19:00:00,32.642,3.74,2.192,3.174,1.891,2.942,3.596,2.457,3.606,1.905,1.773,2.783,2.583,29.12,3.36,2.13,2.65,2.13,2.36,3.70,2.13,3.33,1.46,1.59,2.52,2.52,2.28
2016-02-07 19:05:00,32.542,3.728,2.194,3.163,1.885,2.933,3.587,2.451,3.59,1.9,1.766,2.771,2.574,29.12,3.36,2.13,2.65,2.13,2.36,3.70,2.13,3.33,1.46,1.59,2.52,2.52,2.28
2016-02-07 19:10:00,32.438,3.716,2.195,3.152,1.877,2.924,3.578,2.444,3.576,1.894,1.759,2.759,2.564,29.12,3.36,2.13,2.65,2.13,2.36,3.70,2.13,3.33,1.46,1.59,2.52,2.52,2.28
2016-02-07 19:15:00,32.330,3.703,2.196,3.139,1.869,2.915,3.569,2.438,3.561,1.889,1.752,2.745,2.554,29.12,3.36,2.13,2.65,2.13,2.36,3.70,2.13,3.33,1.46,1.59,2.52,2.52,2.28
2016-02-07 19:20:00,32.222,3.691,2.195,3.126,1.86,2.907,3.561,2.431,3.548,1.884,1.743,2.732,2.544,29.12,3.36,2.13,2.65,2.13,2.36,3.70,2.13,3.33,1.46,1.59,2.52,2.52,2.28
2016-02-07 19:25:00,32.114,3.679,2.194,3.113,1.851,2.898,3.553,2.424,3.535,1.879,1.735,2.719,2.534,29.12,3.36,2.13,2.65,2.13,2.36,3.70,2.13,3.33,1.46,1.59,2.52,2.52,2.28
2016-02-07 19:30:00,32.002,3.666,2.192,3.099,1.841,2.889,3.546,2.416,3.523,1.874,1.726,2.705,2.525,29.12,3.36,2.13,2.65,2.13,2.36,3.70,2.13,3.33,1.46,1.59,2.52,2.52,2.28
2016-02-07 19:35:00,31.893,3.654,2.189,3.085,1.831,2.88,3.539,2.409,3.512,1.869,1.717,2.692,2.516,29.12,3.36,2.13,2.65,2.13,2.36,3.70,2.13,3.33,1.46,1.59,2.52,2.52,2.28
2016-02-07 19:40:00,31.783,3.641,2.186,3.07,1.821,2.871,3.533,2.401,3.502,1.864,1.708,2.679,2.507,29.12,3.36,2.13,2.65,2.13,2.36,3.70,2.13,3.33,1.46,1.59,2.52,2.52,2.28
2016-02-07 19:45:00,31.672,3.628,2.182,3.055,1.811,2.861,3.528,2.392,3.492,1.859,1.699,2.667,2.498,29.12,3.36,2.13,2.65,2.13,2.36,3.70,2.13,3.33,1.46,1.59,2.52,2.52,2.28
2016-02-07 19:50:00,31.56,3.614,2.176,3.04,1.8,2.851,3.524,2.384,3.483,1.853,1.69,2.655,2.49,29.12,3.36,2.13,2.65,2.13,2.36,3.70,2.13,3.33,1.46,1.59,2.52,2.52,2.28
2016-02-07 19:55:00,31.451,3.6,2.17,3.024,1.79,2.841,3.521,2.375,3.475,1.847,1.681,2.644,2.483,29.12,3.36,2.13,2.65,2.13,2.36,3.70,2.13,3.33,1.46,1.59,2.52,2.52,2.28
2016-02-07 20:00:00,31.343,3.586,2.163,3.008,1.78,2.83,3.518,2.365,3.468,1.841,1.672,2.635,2.477,28.2,3.25,2.06,2.57,2.06,2.29,3.58,2.07,3.22,1.41,1.54,2.44,2.44,2.20
2016-02-07 20:05:00,31.237,3.571,2.155,2.992,1.77,2.818,3.516,2.355,3.462,1.835,1.664,2.627,2.472,28.2,3.25,2.06,2.57,2.06,2.29,3.58,2.07,3.22,1.41,1.54,2.44,2.44,2.20
2016-02-07 20:10:00,31.132,3.556,2.146,2.976,1.761,2.806,3.516,2.345,3.456,1.828,1.655,2.62,2.467,28.2,3.25,2.06,2.57,2.06,2.29,3.58,2.07,3.22,1.41,1.54,2.44,2.44,2.20
2016-02-07 20:15:00,31.025,3.54,2.137,2.959,1.751,2.794,3.515,2.334,3.45,1.821,1.648,2.613,2.463,28.2,3.25,2.06,2.57,2.06,2.29,3.58,2.07,3.22,1.41,1.54,2.44,2.44,2.20
2016-02-07 20:20:00,30.919,3.523,2.126,2.943,1.742,2.781,3.515,2.324,3.445,1.813,1.64,2.608,2.459,28.2,3.25,2.06,2.57,2.06,2.29,3.58,2.07,3.22,1.41,1.54,2.44,2.44,2.20
2016-02-07 20:25:00,30.812,3.505,2.116,2.925,1.733,2.768,3.515,2.313,3.44,1.806,1.632,2.603,2.456,28.2,3.25,2.06,2.57,2.06,2.29,3.58,2.07,3.22,1.41,1.54,2.44,2.44,2.20
2016-02-07 20:30:00,30.702,3.487,2.104,2.908,1.723,2.754,3.515,2.303,3.435,1.798,1.624,2.599,2.452,28.2,3.25,2.06,2.57,2.06,2.29,3.58,2.07,3.22,1.41,1.54,2.44,2.44,2.20
2016-02-07 20:35:00,30.591,3.467,2.093,2.89,1.714,2.74,3.515,2.293,3.43,1.79,1.616,2.594,2.449,28.2,3.25,2.06,2.57,2.06,2.29,3.58,2.07,3.22,1.41,1.54,2.44,2.44,2.20
2016-02-07 20:40:00,30.476,3.447,2.081,2.871,1.704,2.726,3.513,2.284,3.424,1.782,1.608,2.59,2.446,28.2,3.25,2.06,2.57,2.06,2.29,3.58,2.07,3.22,1.41,1.54,2.44,2.44,2.20
2016-02-07 20:45:00,30.356,3.425,2.069,2.852,1.693,2.712,3.511,2.275,3.418,1.774,1.6,2.585,2.442,28.2,3.25,2.06,2.57,2.06,2.29,3.58,2.07,3.22,1.41,1.54,2.44,2.44,2.20
2016-02-07 20:50:00,30.231,3.402,2.056,2.832,1.682,2.698,3.508,2.267,3.411,1.765,1.591,2.581,2.438,28.2,3.25,2.06,2.57,2.06,2.29,3.58,2.07,3.22,1.41,1.54,2.44,2.44,2.20
2016-02-07 20:55:00,30.101,3.378,2.044,2.811,1.67,2.684,3.504,2.26,3.403,1.757,1.582,2.575,2.433,28.2,3.25,2.06,2.57,2.06,2.29,3.58,2.07,3.22,1.41,1.54,2.44,2.44,2.20
2016-02-07 21:00:00,29.964,3.352,2.032,2.79,1.658,2.67,3.498,2.254,3.394,1.748,1.572,2.569,2.427,25.06,2.89,1.83,2.28,1.83,2.03,3.18,1.84,2.86,1.26,1.36,2.17,2.17,1.96
2016-02-07 21:05:00,29.82,3.325,2.02,2.768,1.645,2.656,3.49,2.249,3.384,1.739,1.562,2.562,2.42,25.06,2.89,1.83,2.28,1.83,2.03,3.18,1.84,2.86,1.26,1.36,2.17,2.17,1.96
2016-02-07 21:10:00,29.668,3.296,2.008,2.745,1.631,2.642,3.481,2.245,3.372,1.73,1.551,2.554,2.413,25.06,2.89,1.83,2.28,1.83,2.03,3.18,1.84,2.86,1.26,1.36,2.17,2.17,1.96
2016-02-07 21:15:00,29.509,3.267,1.997,2.721,1.616,2.628,3.47,2.241,3.359,1.721,1.54,2.545,2.404,25.06,2.89,1.83,2.28,1.83,2.03,3.18,1.84,2.86,1.26,1.36,2.17,2.17,1.96
2016-02-07 21:20:00,29.343,3.236,1.985,2.697,1.601,2.614,3.458,2.237,3.345,1.712,1.528,2.535,2.395,25.06,2.89,1.83,2.28,1.83,2.03,3.18,1.84,2.86,1.26,1.36,2.17,2.17,1.96
2016-02-07 21:25:00,29.169,3.205,1.974,2.672,1.586,2.599,3.445,2.234,3.329,1.701,1.516,2.524,2.384,25.06,2.89,1.83,2.28,1.83,2.03,3.18,1.84,2.86,1.26,1.36,2.17,2.17,1.96
2016-02-07 21:30:00,28.986,3.173,1.963,2.647,1.57,2.583,3.43,2.229,3.312,1.69,1.504,2.512,2.373,25.06,2.89,1.83,2.28,1.83,2.03,3.18,1.84,2.86,1.26,1.36,2.17,2.17,1.96
2016-02-07 21:35:00,28.797,3.142,1.952,2.621,1.554,2.566,3.415,2.224,3.293,1.679,1.492,2.499,2.36,25.06,2.89,1.83,2.28,1.83,2.03,3.18,1.84,2.86,1.26,1.36,2.17,2.17,1.96
2016-02-07 21:40:00,28.598,3.11,1.941,2.595,1.537,2.548,3.398,2.218,3.274,1.666,1.479,2.485,2.347,25.06,2.89,1.83,2.28,1.83,2.03,3.18,1.84,2.86,1.26,1.36,2.17,2.17,1.96
2016-02-07 21:45:00,28.391,3.079,1.93,2.569,1.521,2.528,3.381,2.211,3.252,1.652,1.466,2.47,2.332,25.06,2.89,1.83,2.28,1.83,2.03,3.18,1.84,2.86,1.26,1.36,2.17,2.17,1.96
2016-02-07 21:50:00,28.176,3.048,1.919,2.542,1.504,2.507,3.364,2.202,3.23,1.637,1.453,2.454,2.316,25.06,2.89,1.83,2.28,1.83,2.03,3.18,1.84,2.86,1.26,1.36,2.17,2.17,1.96
2016-02-07 21:55:00,27.951,3.017,1.908,2.516,1.488,2.484,3.345,2.191,3.206,1.621,1.44,2.436,2.299,25.06,2.89,1.83,2.28,1.83,2.03,3.18,1.84,2.86,1.26,1.36,2.17,2.17,1.96
2016-02-07 22:00:00,27.719,2.988,1.898,2.489,1.472,2.459,3.327,2.177,3.18,1.603,1.427,2.418,2.281,25.06,2.89,1.83,2.28,1.83,2.03,3.18,1.84,2.86,1.26,1.36,2.17,2.17,1.96
2016-02-07 22:05:00,27.478,2.96,1.888,2.462,1.456,2.432,3.308,2.161,3.153,1.584,1.414,2.398,2.262,25.06,2.89,1.83,2.28,1.83,2.03,3.18,1.84,2.86,1.26,1.36,2.17,2.17,1.96
2016-02-07 22:10:00,27.229,2.932,1.877,2.436,1.441,2.403,3.289,2.142,3.125,1.563,1.401,2.378,2.242,25.06,2.89,1.83,2.28,1.83,2.03,3.18,1.84,2.86,1.26,1.36,2.17,2.17,1.96
2016-02-07 22:15:00,26.971,2.906,1.867,2.409,1.425,2.372,3.27,2.121,3.096,1.541,1.388,2.356,2.22,25.06,2.89,1.83,2.28,1.83,2.03,3.18,1.84,2.86,1.26,1.36,2.17,2.17,1.96
2016-02-07 22:20:00,26.713,2.881,1.857,2.383,1.411,2.34,3.251,2.099,3.065,1.518,1.375,2.334,2.199,25.06,2.89,1.83,2.28,1.83,2.03,3.18,1.84,2.86,1.26,1.36,2.17,2.17,1.96
2016-02-07 22:25:00,26.447,2.857,1.847,2.356,1.396,2.307,3.232,2.074,3.034,1.494,1.363,2.311,2.176,25.06,2.89,1.83,2.28,1.83,2.03,3.18,1.84,2.86,1.26,1.36,2.17,2.17,1.96
2016-02-07 22:30:00,26.179,2.833,1.838,2.33,1.381,2.272,3.213,2.049,3.003,1.469,1.35,2.288,2.153,25.06,2.89,1.83,2.28,1.83,2.03,3.18,1.84,2.86,1.26,1.36,2.17,2.17,1.96
2016-02-07 22:35:00,25.909,2.811,1.829,2.304,1.367,2.237,3.194,2.022,2.971,1.444,1.337,2.264,2.129,25.06,2.89,1.83,2.28,1.83,2.03,3.18,1.84,2.86,1.26,1.36,2.17,2.17,1.96
2016-02-07 22:40:00,25.639,2.789,1.819,2.278,1.353,2.202,3.175,1.994,2.939,1.419,1.325,2.241,2.105,25.06,2.89,1.83,2.28,1.83,2.03,3.18,1.84,2.86,1.26,1.36,2.17,2.17,1.96
2016-02-07 22:45:00,25.368,2.767,1.811,2.252,1.339,2.166,3.156,1.966,2.908,1.393,1.313,2.216,2.081,25.06,2.89,1.83,2.28,1.83,2.03,3.18,1.84,2.86,1.26,1.36,2.17,2.17,1.96
2016-02-07 22:50:00,25.100,2.747,1.802,2.227,1.325,2.131,3.138,1.937,2.876,1.367,1.301,2.192,2.057,25.06,2.89,1.83,2.28,1.83,2.03,3.18,1.84,2.86,1.26,1.36,2.17,2.17,1.96
2016-02-07 22:55:00,24.836,2.727,1.794,2.202,1.312,2.096,3.119,1.909,2.845,1.342,1.289,2.169,2.032,25.06,2.89,1.83,2.28,1.83,2.03,3.18,1.84,2.86,1.26,1.36,2.17,2.17,1.96
2016-02-07 23:00:00,24.571,2.707,1.786,2.177,1.298,2.061,3.101,1.88,2.814,1.317,1.277,2.145,2.008,23.34,2.69,1.70,2.13,1.70,1.89,2.96,1.71,2.67,1.17,1.27,2.02,2.02,1.82
2016-02-07 23:05:00,24.314,2.688,1.779,2.152,1.285,2.027,3.083,1.852,2.784,1.293,1.265,2.122,1.984,23.34,2.69,1.70,2.13,1.70,1.89,2.96,1.71,2.67,1.17,1.27,2.02,2.02,1.82
2016-02-07 23:10:00,24.060,2.669,1.771,2.128,1.271,1.994,3.066,1.824,2.755,1.269,1.254,2.099,1.96,23.34,2.69,1.70,2.13,1.70,1.89,2.96,1.71,2.67,1.17,1.27,2.02,2.02,1.82
2016-02-07 23:15:00,23.818,2.651,1.765,2.104,1.258,1.963,3.048,1.798,2.728,1.246,1.243,2.077,1.937,23.34,2.69,1.70,2.13,1.70,1.89,2.96,1.71,2.67,1.17,1.27,2.02,2.02,1.82
2016-02-07 23:20:00,23.583,2.633,1.758,2.081,1.245,1.933,3.032,1.773,2.701,1.224,1.232,2.056,1.915,23.34,2.69,1.70,2.13,1.70,1.89,2.96,1.71,2.67,1.17,1.27,2.02,2.02,1.82
2016-02-07 23:25:00,23.358,2.615,1.753,2.058,1.232,1.905,3.016,1.749,2.676,1.204,1.221,2.036,1.893,23.34,2.69,1.70,2.13,1.70,1.89,2.96,1.71,2.67,1.17,1.27,2.02,2.02,1.82
2016-02-07 23:30:00,23.141,2.597,1.747,2.035,1.219,1.879,3,1.727,2.653,1.185,1.211,2.016,1.872,23.34,2.69,1.70,2.13,1.70,1.89,2.96,1.71,2.67,1.17,1.27,2.02,2.02,1.82
2016-02-07 23:35:00,22.939,2.58,1.743,2.013,1.206,1.855,2.985,1.707,2.632,1.167,1.201,1.998,1.852,23.34,2.69,1.70,2.13,1.70,1.89,2.96,1.71,2.67,1.17,1.27,2.02,2.02,1.82
2016-02-07 23:40:00,22.748,2.562,1.738,1.991,1.193,1.834,2.97,1.689,2.613,1.152,1.191,1.982,1.833,23.34,2.69,1.70,2.13,1.70,1.89,2.96,1.71,2.67,1.17,1.27,2.02,2.02,1.82
2016-02-07 23:45:00,22.572,2.545,1.735,1.97,1.18,1.816,2.956,1.673,2.596,1.138,1.182,1.966,1.815,23.34,2.69,1.70,2.13,1.70,1.89,2.96,1.71,2.67,1.17,1.27,2.02,2.02,1.82
2016-02-07 23:50:00,22.409,2.527,1.731,1.95,1.166,1.8,2.943,1.661,2.582,1.127,1.172,1.952,1.798,23.34,2.69,1.70,2.13,1.70,1.89,2.96,1.71,2.67,1.17,1.27,2.02,2.02,1.82
2016-02-07 23:55:00,22.266,2.51,1.729,1.929,1.153,1.788,2.931,1.651,2.57,1.118,1.164,1.94,1.783,23.34,2.69,1.70,2.13,1.70,1.89,2.96,1.71,2.67,1.17,1.27,2.02,2.02,1.82
,15603.232,1798.775,1139.304,1421.204,870.721,1266.064,1981.284,1143.562,1782.314,781.528,849.895,1349.474,1219.107,,0.00,0.00,0.00,,0.00,0.00,0.00,0.00,0.00,0.00,0.00,0.00,0.00